			use DIAN
			GO
			INSERT INTO CUSTOMER (AccountType, Email, Password, LastName, FirstName, Address, PhoneNumber, Points, Status) VALUES
			('Google', 'john.doe@yahoo.com', 'AQAAAAIAAYagAAAAEMWou0HCaLl0XudTeZbTd1sYxek2fn0EE1gwMM0PeNVZssP6BF9OEKTm1WybtT6FMA==', 'Doe', 'John', '123 Main St', '+1 (212) 555-0198', 1000, 1),
			('None', 'jane.smith@gmail.com', 'AQAAAAIAAYagAAAAEMWou0HCaLl0XudTeZbTd1sYxek2fn0EE1gwMM0PeNVZssP6BF9OEKTm1WybtT6FMA==', 'Smith', 'Jane', '456 Elm St', '+1 (415) 555-0234', 1500, 1),
			('None', 'cxhrisB124@gmail.com', 'AQAAAAIAAYagAAAAEMWou0HCaLl0XudTeZbTd1sYxek2fn0EE1gwMM0PeNVZssP6BF9OEKTm1WybtT6FMA==', 'Chris', 'Burkerly', '789 Oak St', '+1 (310) 555-0745', 2000, 1),
			('Google', 'emma.watson@gmail.com', 'AQAAAAIAAYagAAAAEMWou0HCaLl0XudTeZbTd1sYxek2fn0EE1gwMM0PeNVZssP6BF9OEKTm1WybtT6FMA==', 'Watson', 'Emma', '101 Pine St', '+1 (617) 555-0987', 800, 1),
			('None', 'oliver.queen@gmail.com', 'AQAAAAIAAYagAAAAEMWou0HCaLl0XudTeZbTd1sYxek2fn0EE1gwMM0PeNVZssP6BF9OEKTm1WybtT6FMA==', 'Queen', 'Oliver', '202 Cedar St', '+1 (818) 555-0367', 300, 1),
			('Google', 'lee1103@gmail.com', 'AQAAAAIAAYagAAAAEMWou0HCaLl0XudTeZbTd1sYxek2fn0EE1gwMM0PeNVZssP6BF9OEKTm1WybtT6FMA==', 'Lee', 'Bruce', '303 Birch St', '+1 (305) 555-0456', 3500, 1),
			('Google', 'clark08kent@gmail.com', 'AQAAAAIAAYagAAAAEMWou0HCaLl0XudTeZbTd1sYxek2fn0EE1gwMM0PeNVZssP6BF9OEKTm1WybtT6FMA==', 'Kent', 'Clark', '404 Maple St', '+1 (702) 555-0823', 200, 1),
			('None', 'sara.connor@gmail.com', 'AQAAAAIAAYagAAAAEKWou0HCbLl1YudTeZbUd2sYyfk3gn0FF2gwMM0PfOVYssQ6GF9OEKTm1WzbtT7FMB==', 'Connor', 'Sara', '505 Spruce St', '+1 (213) 555-0156', 1200, 1),
			('Google', 'bruce.wayne@gmail.com', 'AQAAAAIAAYagAAAAEKWou0HCbLl1YudTeZbUd2sYyfk3gn0FF2gwMM0PfOVYssQ6GF9OEKTm1WzbtT7FMB==', 'Wayne', 'Bruce', '606 Willow St', '+1 (212) 555-0293', 2500, 1),
			('None', 'diana.prince@gmail.com', 'AQAAAAIAAYagAAAAEKWou0HCbLl1YudTeZbUd2sYyfk3gn0FF2gwMM0PfOVYssQ6GF9OEKTm1WzbtT7FMB==', 'Prince', 'Diana', '707 Fir St', '+1 (415) 555-0472', 3000, 1),
			('Google', 'barry.allen@gmail.com', 'AQAAAAIAAYagAAAAEKWou0HCbLl1YudTeZbUd2sYyfk3gn0FF2gwMM0PfOVYssQ6GF9OEKTm1WzbtT7FMB==', 'Allen', 'Barry', '808 Redwood St', '+1 (310) 555-0183', 500, 1),
			('None', 'peter.parker@gmail.com', 'AQAAAAIAAYagAAAAEKWou0HCbLl1YudTeZbUd2sYyfk3gn0FF2gwMM0PfOVYssQ6GF9OEKTm1WzbtT7FMB==', 'Parker', 'Peter', '909 Ash St', '+1 (617) 555-0194', 700, 1),
			('Google', 'natasha.romanoff@gmail.com', 'AQAAAAIAAYagAAAAEKWou0HCbLl1YudTeZbUd2sYyfk3gn0FF2gwMM0PfOVYssQ6GF9OEKTm1WzbtT7FMB==', 'Romanoff', 'Natasha', '1010 Sequoia St', '+1 (818) 555-0215', 1800, 1),
			('None', 'steve.rogers@gmail.com', 'AQAAAAIAAYagAAAAEKWou0HCbLl1YudTeZbUd2sYyfk3gn0FF2gwMM0PfOVYssQ6GF9OEKTm1WzbtT7FMB==', 'Rogers', 'Steve', '1111 Cypress St', '+1 (305) 555-0346', 2200, 1),
			('Google', 'tony.stark@gmail.com', 'AQAAAAIAAYagAAAAEKWou0HCbLl1YudTeZbUd2sYyfk3gn0FF2gwMM0PfOVYssQ6GF9OEKTm1WzbtT7FMB==', 'Stark', 'Tony', '1212 Juniper St', '+1 (702) 555-0457', 4100, 1),
			('None', 'wanda.maximoff@gmail.com', 'AQAAAAIAAYagAAAAEKWou0HCbLl1YudTeZbUd2sYyfk3gn0FF2gwMM0PfOVYssQ6GF9OEKTm1WzbtT7FMB==', 'Maximoff', 'Wanda', '1313 Chestnut St', '+1 (213) 555-0568', 2600, 1),
			('Google', 'scott.lang@gmail.com', 'AQAAAAIAAYagAAAAEKWou0HCbLl1YudTeZbUd2sYyfk3gn0FF2gwMM0PfOVYssQ6GF9OEKTm1WzbtT7FMB==', 'Lang', 'Scott', '1414 Magnolia St', '+1 (212) 555-0679', 1400, 1);


			INSERT INTO EMPLOYEE (Role, Email, Password, LastName, FirstName, Address, PhoneNumber, Status) VALUES
			('Admin', 'RaveAdmin@gmail.com', 'AQAAAAIAAYagAAAAEMWou0HCaLl0XudTeZbTd1sYxek2fn0EE1gwMM0PeNVZssP6BF9OEKTm1WybtT6FMA==', 'Steve', 'Ravy', '789 Pine St', '+1 (202) 555-0178', 1),
			('Manager', 'SmithManager@gmail.com', 'AQAAAAIAAYagAAAAEMWou0HCaLl0XudTeZbTd1sYxek2fn0EE1gwMM0PeNVZssP6BF9OEKTm1WybtT6FMA==', 'Smith', 'John', '101 Oak St', '+1 (303) 555-0192', 1),
			('SalesStaff', 'BrownSales@gmail.com', 'AQAAAAIAAYagAAAAEMWou0HCaLl0XudTeZbTd1sYxek2fn0EE1gwMM0PeNVZssP6BF9OEKTm1WybtT6FMA==', 'Sarah', 'Brown', '123 Elm St', '+1 (404) 555-0153', 1),
			('DeliveryStaff', 'DanielDelivery@gmail.com', 'AQAAAAIAAYagAAAAEMWou0HCaLl0XudTeZbTd1sYxek2fn0EE1gwMM0PeNVZssP6BF9OEKTm1WybtT6FMA==', 'Moore', 'Daniel', '456 Birch St', '+1 (505) 555-0147', 1),
			('SalesStaff', 'AmandaSale02@gmail.com', 'AQAAAAIAAYagAAAAEMWou0HCaLl0XudTeZbTd1sYxek2fn0EE1gwMM0PeNVZssP6BF9OEKTm1WybtT6FMA==', 'Taylor', 'Amanda', '789 Cedar St', '+1 (707) 555-0185', 1),
			('Manager', 'JamesManager02@gmail.com', 'AQAAAAIAAYagAAAAEMWou0HCaLl0XudTeZbTd1sYxek2fn0EE1gwMM0PeNVZssP6BF9OEKTm1WybtT6FMA==', 'Davis', 'James', '101 Maple St', '+1 (808) 555-0136', 1),
			('Admin', 'JessicaAdmin2@gmail.com', 'AQAAAAIAAYagAAAAEMWou0HCaLl0XudTeZbTd1sYxek2fn0EE1gwMM0PeNVZssP6BF9OEKTm1WybtT6FMA==', 'Miller', 'Jessica', '202 Oak St', '+1 (315) 555-0176', 1),
			('DeliveryStaff', 'BobbyDelivery@gmail.com', 'AQAAAAIAAYagAAAAEMWou0HCaLl0XudTeZbTd1sYxek2fn0EE1gwMM0PeNVZssP6BF9OEKTm1WybtT6FMA==', 'Demer', 'Bobby', '412 OakHill St', '+1 (505) 613-0457', 1);

			INSERT INTO ARTICLE (Title, Content, Employee, [Date], [Image], Tag, Status) VALUES
    ('Natural vs. Lab Diamonds', 'Natural and lab-grown diamonds are identical to the naked eye. In fact, most experts can''t even tell them apart without specialized equipment. Ultimately, the main difference is how they''re created. Learn more to understand which diamond type suits your style.', 3, GETDATE(), 'https://image.brilliantearth.com/cdn-cgi/image/width=720,height=545,quality=100,format=auto/https://cdn.builder.io/api/v1/image/assets%2F9f2a69003c86470ea05deb9ecb9887be%2F369828bf6d7c48d6ae52eb7edb069602', 'Blog', 1),
    ('Colored Diamonds', 'Explore our curated collection of natural and lab created colored diamonds in a variety of stunning shades.', 3, GETDATE(), 'https://image.brilliantearth.com/cdn-cgi/image/width=720,height=545,quality=100,format=auto/https://cdn.builder.io/api/v1/image/assets%2F9f2a69003c86470ea05deb9ecb9887be%2F67a2c143703b4239a605d7b3a10d4420', 'Product Description Section', 1),
    ('The Capture Collection', 'We capture CO₂ before it is released into the atmosphere to create the most innovative lab grown diamonds on the planet.', 3, GETDATE(), 'https://image.brilliantearth.com/cdn-cgi/image/width=720,height=545,quality=100,format=auto/https://cdn.builder.io/api/v1/image/assets%2F9f2a69003c86470ea05deb9ecb9887be%2Fa9aa8fd2de794d0581588e4a187d878e', 'News', 1),
    ('Design Your Own Earrings', 'Select your setting and diamonds to get exactly what you''re looking for.', 3, GETDATE(), 'https://image.brilliantearth.com/cdn-cgi/image/width=720,height=545,quality=100,format=auto/https://cdn.builder.io/api/v1/image/assets%2F9f2a69003c86470ea05deb9ecb9887be%2Ff4562a479cb049a2b8e5f1787d3f4633', 'Services', 1),
    ('Design Your Own Necklace', 'Customize a solitaire necklace with a setting and gemstone that suit your style.', 3, GETDATE(), 'https://image.brilliantearth.com/cdn-cgi/image/width=720,height=545,quality=100,format=auto/https://cdn.builder.io/api/v1/image/assets%2F9f2a69003c86470ea05deb9ecb9887be%2F3f926b3050bd4f6baa39fe0b3db32fd3', 'Services', 1),
    ('OUR BEGINNING', 'In 2019, after witnessing the gap in ethical and sustainable options within the diamond industry, visionary entrepreneur Danielle Taylor embarked on a mission to redefine the narrative. Inspired by Beth Gerstein''s journey, Danielle envisioned a diamond jewelry brand that not only symbolized love but also upheld principles of environmental stewardship and ethical sourcing. With a shared commitment to sustainability, Danielle partnered with renowned jeweler Michael Adams to establish DIAN Diamond Jewelry in 2022. Together, they pioneered innovative approaches to diamond sourcing and transparency, leveraging cutting-edge technology to trace each gemstone''s origin. By offering consumers the assurance of ethical practices and environmental responsibility, DIAN quickly gained recognition as a leader in sustainable luxury jewelry, inspiring a new generation of conscientious consumers to adorn themselves with diamonds that shine with integrity and purpose.', 3, GETDATE(), 'https://image.brilliantearth.com/cdn-cgi/image/width=720,height=545,quality=100,format=auto/https://cdn.builder.io/api/v1/image/assets%2F9f2a69003c86470ea05deb9ecb9887be%2Fa9aa8fd2de794d0581588e4a187d878e', 'About', 1),
    ('The Journey of a Diamond', 'Follow the remarkable journey of a diamond from its formation deep within the Earth to its transformation into a dazzling piece of jewelry. This educational piece sheds light on the natural processes and human efforts involved in bringing these precious gems to market.', 3, GETDATE(), 'https://image.brilliantearth.com/cdn-cgi/image/width=720,height=545,quality=100,format=auto/https://cdn.builder.io/api/v1/image/assets%2F9f2a69003c86470ea05deb9ecb9887be%2F3f926b3050bd4f6baa39fe0b3db32fd3', 'Education', 1),
    ('Sustainable Diamond Mining', 'Discover the sustainable practices that are transforming the diamond mining industry. From minimizing environmental impact to ensuring fair labor practices, learn how the industry is working towards a more ethical future.', 3, GETDATE(), 'https://image.brilliantearth.com/cdn-cgi/image/width=720,height=545,quality=100,format=auto/https://cdn.builder.io/api/v1/image/assets%2F9f2a69003c86470ea05deb9ecb9887be%2Ff4562a479cb049a2b8e5f1787d3f4633', 'Blog', 1),
    ('Choosing the Perfect Diamond', 'A comprehensive guide to selecting the perfect diamond. Understand the 4Cs – cut, color, clarity, and carat – and how they affect a diamond’s appearance and value.', 3, GETDATE(), 'https://image.brilliantearth.com/cdn-cgi/image/width=720,height=545,quality=100,format=auto/https://cdn.builder.io/api/v1/image/assets%2F9f2a69003c86470ea05deb9ecb9887be%2F67a2c143703b4239a605d7b3a10d4420', 'Education', 1),
    ('Ethical Diamond Sourcing', 'Learn about the importance of ethical diamond sourcing and how it impacts both the environment and the communities involved. Our commitment to transparency and sustainability ensures that every diamond you purchase has a positive impact.', 3, GETDATE(), 'https://image.brilliantearth.com/cdn-cgi/image/width=720,height=545,quality=100,format=auto/https://cdn.builder.io/api/v1/image/assets%2F9f2a69003c86470ea05deb9ecb9887be%2F3f926b3050bd4f6baa39fe0b3db32fd3', 'News', 1),
    ('The Future of Lab-Grown Diamonds', 'As technology advances, lab-grown diamonds are becoming more popular. Explore the benefits of these diamonds and how they compare to natural diamonds in terms of quality, price, and environmental impact.', 3, GETDATE(), 'https://image.brilliantearth.com/cdn-cgi/image/width=720,height=545,quality=100,format=auto/https://cdn.builder.io/api/v1/image/assets%2F9f2a69003c86470ea05deb9ecb9887be%2Fa9aa8fd2de794d0581588e4a187d878e', 'Education', 1),
    ('Diamond Jewelry Trends', 'Stay up-to-date with the latest trends in diamond jewelry. From classic designs to modern innovations, find inspiration for your next piece of jewelry.', 3, GETDATE(), 'https://image.brilliantearth.com/cdn-cgi/image/width=720,height=545,quality=100,format=auto/https://cdn.builder.io/api/v1/image/assets%2F9f2a69003c86470ea05deb9ecb9887be%2F369828bf6d7c48d6ae52eb7edb069602', 'Blog', 1),
    ('Our Commitment to Ethical Practices', 'At our company, we are committed to ethical practices in every aspect of our business. Learn more about our efforts to ensure that our diamonds are sourced responsibly and our employees are treated fairly.', 3, GETDATE(), 'https://image.brilliantearth.com/cdn-cgi/image/width=720,height=545,quality=100,format=auto/https://cdn.builder.io/api/v1/image/assets%2F9f2a69003c86470ea05deb9ecb9887be%2Ff4562a479cb049a2b8e5f1787d3f4633', 'About', 1),
    ('Diamond Care and Maintenance', 'To keep your diamond jewelry looking its best, proper care and maintenance are essential. Follow our expert tips to ensure your diamonds remain brilliant and beautiful for years to come.', 3, GETDATE(), 'https://image.brilliantearth.com/cdn-cgi/image/width=720,height=545,quality=100,format=auto/https://cdn.builder.io/api/v1/image/assets%2F9f2a69003c86470ea05deb9ecb9887be%2Fa9aa8fd2de794d0581588e4a187d878e', 'Service', 1),
    ('The Science Behind Diamonds', 'Explore the fascinating science behind the formation of diamonds. From their creation deep within the Earth to their unique properties, discover what makes diamonds so special.', 3, GETDATE(), 'https://image.brilliantearth.com/cdn-cgi/image/width=720,height=545,quality=100,format=auto/https://cdn.builder.io/api/v1/image/assets%2F9f2a69003c86470ea05deb9ecb9887be%2F369828bf6d7c48d6ae52eb7edb069602', 'Education', 1),
    ('Customer Testimonials', 'Hear from our satisfied customers about their experiences with our diamond jewelry. Their stories highlight the quality and craftsmanship of our products and the exceptional service we provide.', 3, GETDATE(), 'https://image.brilliantearth.com/cdn-cgi/image/width=720,height=545,quality=100,format=auto/https://cdn.builder.io/api/v1/image/assets%2F9f2a69003c86470ea05deb9ecb9887be%2Ff4562a479cb049a2b8e5f1787d3f4633', 'Service', 1),
    ('Advancements in Diamond Cutting Technology', 'Recent advancements in diamond cutting technology have significantly enhanced the precision and brilliance of diamond jewelry. Learn about the latest techniques and their impact on the diamond industry.', 3, GETDATE(), 'https://image.brilliantearth.com/cdn-cgi/image/width=720,height=545,quality=100,format=auto/https://cdn.builder.io/api/v1/image/assets%2F9f2a69003c86470ea05deb9ecb9887be%2Fa9aa8fd2de794d0581588e4a187d878e', 'Blog', 1),
    ('Eco-Friendly Jewelry Packaging', 'Our commitment to sustainability extends beyond our diamonds to our packaging. Discover how we use eco-friendly materials and innovative designs to reduce our environmental footprint.', 3, GETDATE(), 'https://image.brilliantearth.com/cdn-cgi/image/width=720,height=545,quality=100,format=auto/https://cdn.builder.io/api/v1/image/assets%2F9f2a69003c86470ea05deb9ecb9887be%2F3f926b3050bd4f6baa39fe0b3db32fd3', 'News', 1),
    ('Understanding Diamond Certification', 'Diamond certification provides an objective assessment of a diamond''s quality. Learn about the different types of certifications and what they mean for your diamond purchase.', 3, GETDATE(), 'https://image.brilliantearth.com/cdn-cgi/image/width=720,height=545,quality=100,format=auto/https://cdn.builder.io/api/v1/image/assets%2F9f2a69003c86470ea05deb9ecb9887be%2Ff4562a479cb049a2b8e5f1787d3f4633', 'Education', 1),
    ('The Impact of Diamond Mining on Local Communities', 'Diamond mining can have significant impacts on local communities. Explore the social and economic effects and how companies can support positive outcomes.', 3, GETDATE(), 'https://image.brilliantearth.com/cdn-cgi/image/width=720,height=545,quality=100,format=auto/https://cdn.builder.io/api/v1/image/assets%2F9f2a69003c86470ea05deb9ecb9887be%2Fa9aa8fd2de794d0581588e4a187d878e', 'Blog', 1),
    ('Innovative Uses for Diamonds Beyond Jewelry', 'Diamonds are not just for jewelry. Discover the innovative uses for diamonds in technology, industry, and science.', 3, GETDATE(), 'https://image.brilliantearth.com/cdn-cgi/image/width=720,height=545,quality=100,format=auto/https://cdn.builder.io/api/v1/image/assets%2F9f2a69003c86470ea05deb9ecb9887be%2F67a2c143703b4239a605d7b3a10d4420', 'Education', 1),
    ('Spotlight on Diamond Artisans', 'Meet the skilled artisans behind our exquisite diamond jewelry. Learn about their craftsmanship, dedication, and the intricate processes they use to create each piece.', 3, GETDATE(), 'https://image.brilliantearth.com/cdn-cgi/image/width=720,height=545,quality=100,format=auto/https://cdn.builder.io/api/v1/image/assets%2F9f2a69003c86470ea05deb9ecb9887be%2F369828bf6d7c48d6ae52eb7edb069602', 'About', 1),
    ('The Economic Impact of the Diamond Industry', 'The diamond industry plays a significant role in the global economy. Understand its economic impact, from mining to retail, and its contributions to job creation and economic development.', 3, GETDATE(), 'https://image.brilliantearth.com/cdn-cgi/image/width=720,height=545,quality=100,format=auto/https://cdn.builder.io/api/v1/image/assets%2F9f2a69003c86470ea05deb9ecb9887be%2Ff4562a479cb049a2b8e5f1787d3f4633', 'News', 1),
    ('Custom Engagement Rings', 'Design your own engagement ring with our bespoke service. Choose from a range of settings and diamonds to create a unique symbol of your love.', 3, GETDATE(), 'https://image.brilliantearth.com/cdn-cgi/image/width=720,height=545,quality=100,format=auto/https://cdn.builder.io/api/v1/image/assets%2F9f2a69003c86470ea05deb9ecb9887be%2Fa9aa8fd2de794d0581588e4a187d878e', 'Services', 1),
    ('The History of Diamonds', 'Explore the rich history of diamonds, from ancient times to the modern era. Learn about their cultural significance and how they became the ultimate symbol of love and luxury.', 3, GETDATE(), 'https://image.brilliantearth.com/cdn-cgi/image/width=720,height=545,quality=100,format=auto/https://cdn.builder.io/api/v1/image/assets%2F9f2a69003c86470ea05deb9ecb9887be%2F369828bf6d7c48d6ae52eb7edb069602', 'Education', 1);



			INSERT INTO PROMOTION ([Name], Amount, ValidFrom, ValidTo, [Description], Code, Status) VALUES
			('Spring Sale', 0.2, GETDATE(), DATEADD(month, 1, GETDATE()), '20% off all items for Spring', 'SPRING20',  1),
			('Summer Sale', 0.15, GETDATE(), DATEADD(month, 2, GETDATE()), '15% off all items for Summer', 'SUMMER15',  1),
			('Fall Sale', 0.10, GETDATE(), DATEADD(month, 3, GETDATE()), '10% off all items for Fall', 'FALL10', 1),
			('Winter Sale', 0.25, GETDATE(), DATEADD(month, 4, GETDATE()), '25% off all items for Winter', 'WINTER25', 1),
			('Black Friday', 0.30, GETDATE(), DATEADD(month, 5, GETDATE()), '30% off all items for Black Friday', 'BLACKFRIDAY30', 1),
			('Cyber Monday', 0.35, GETDATE(), DATEADD(month, 6, GETDATE()), '35% off all items for Cyber Monday', 'CYBERMONDAY35',  1),
			('Holiday Special', 0.40, GETDATE(), DATEADD(month, 7, GETDATE()), '40% off all items for the Holidays', 'HOLIDAY40', 1),
			('New Year Bash', 0.50, GETDATE(), DATEADD(month, 8, GETDATE()), '50% off all items for New Year', 'NEWYEAR50', 1),
			('Valentine Special', 0.25, GETDATE(), DATEADD(month, 9, GETDATE()), '25% off all items for Valentine Day', 'VALENTINE25', 1),
			('Easter Extravaganza', 0.20, GETDATE(), DATEADD(month, 10, GETDATE()), '20% off all items for Easter', 'EASTER20', 1),
			('Fourth of July', 0.30, GETDATE(), DATEADD(month, 11, GETDATE()), '30% off all items for the Fourth of July', 'JULY4TH30', 1),
			('Back to School', 0.15, GETDATE(), DATEADD(month, 12, GETDATE()), '15% off all items for Back to School', 'BACK2SCHOOL15', 1),
			('Labor Day Sale', 0.20, GETDATE(), DATEADD(month, 13, GETDATE()), '20% off all items for Labor Day', 'LABORDAY20', 1),
			('Halloween Special', 0.25, GETDATE(), DATEADD(month, 14, GETDATE()), '25% off all items for Halloween', 'HALLOWEEN25', 1),
			('Thanksgiving Bonanza', 0.35, GETDATE(), DATEADD(month, 15, GETDATE()), '35% off all items for Thanksgiving', 'THANKSGIVING35', 1),
			('St. Patrick Day', 0.17, GETDATE(), DATEADD(month, 16, GETDATE()), '17% off all items for St. Patrick Day', 'STPATRICK17', 1),
			('Anniversary Celebration', 0.50, GETDATE(), DATEADD(month, 17, GETDATE()), '50% off all items for our Anniversary', 'ANNIVERSARY50', 1);

			INSERT INTO PURCHASEORDER (UserID, [Date], PaymentMethod, Name, PhoneNumber, ShippingAddress, TotalPrice, [OrderStatus], PromotionID, PayWithPoint, Note,SaleStaff,DeliveryStaff) VALUES
			(1, '2024-07-21', 'Bank Transfer', 'John Doe', '123-456-7890', '123 Main St', 2000.00, 'Unpaid', 1, 0, 'Shipping with packaging', 3, 4),
		(2, '2023-07-12', 'VNPAY', 'Jane Smith', '234-567-8901', '456 Elm St', 3000.00, 'Completed', 2, 1, 'Ship at D2', 3, 8),
		(3, '2023-07-12', 'Bank Transfer', 'Alice Johnson', '345-678-9012', '789 Oak St', 1500.00, 'Completed', 3, 0, 'Shipping without packaging', 3, 8),
		(4, '2023-09-18', 'VNPAY', 'Bob Brown', '456-789-0123', '101 Pine St', 2500.00, 'Completed', 4, 1, 'Shipping with packaging', 5, 4),
		(5, '2024-09-19', 'Bank Transfer', 'Carol White', '567-890-1234', '202 Cedar St', 3500.00, 'Unpaid', 5, 0, 'Shipping with packaging', 5, 4),
		(6, '2024-03-12', 'VNPAY', 'David Black', '678-901-2345', '303 Birch St', 4000.00, 'Cancelled', 6, 1, 'Shipping with packaging', 3, 4),
		(7, '2024-03-12', 'Bank Transfer', 'Eve Green', '789-012-3456', '404 Maple St', 4500.00, 'Delivering', 7, 0, 'Shipping with packaging', 5, 8),
		(8, '2024-07-12', 'Bank Transfer', 'Sara Connor', '213-555-0156', '505 Spruce St', 2200.00, 'Paid', 8, 1, 'Ship at D2', 3, 4),
		(9, '2023-07-12', 'VNPAY', 'Bruce Wayne', '212-555-0293', '606 Willow St', 2800.00, 'Completed', 9, 0, 'Shipping without packaging', 5, 4),
		(10, '2024-07-12', 'Bank Transfer', 'Diana Prince', '415-555-0472', '707 Fir St', 1900.00, 'Completed', 10, 0, 'Ship at D1', 5, 8),
		(11, '2024-07-12', 'VNPAY', 'Barry Allen', '310-555-0183', '808 Redwood St', 2300.00, 'Delivering', 11, 1, 'Shipping with packaging', 5, 4),
		(12, '2024-07-12', 'Bank Transfer', 'Peter Parker', '617-555-0194', '909 Ash St', 2100.00, 'Cancelled', 12, 0, 'Ship at D2', 5, 4),
		(13, '2024-07-12', 'VNPAY', 'Natasha Romanoff', '818-555-0215', '1010 Sequoia St', 2400.00, 'Paid', 13, 1, 'Shipping without packaging', 3, 4),
		(1, '2023-07-12', 'Bank Transfer', 'John Doe', '123-456-7890', '123 Main St', 2000.00, 'Completed', 1, 0, 'Shipping with packaging', 3, 4),
		(2, '2024-07-12', 'VNPAY', 'Jane Smith', '234-567-8901', '456 Elm St', 3000.00, 'Paid', 2, 1, 'Ship at D2', 3, 8),
		(3, '2023-07-12', 'Bank Transfer', 'Alice Johnson', '345-678-9012', '789 Oak St', 1500.00, 'Completed', 3, 0, 'Shipping without packaging', 3, 8),
		(4, '2024-09-18', 'VNPAY', 'Bob Brown', '456-789-0123', '101 Pine St', 2500.00, 'Delivering', 4, 1, 'Shipping with packaging', 5, 4),
		(5, '2024-09-12', 'Bank Transfer', 'Carol White', '567-890-1234', '202 Cedar St', 3500.00, 'Completed', 5, 0, 'Shipping with packaging', 5, 4),
		(6, '2024-03-12', 'VNPAY', 'David Black', '678-901-2345', '303 Birch St', 4000.00, 'Cancelled', 6, 1, 'Shipping with packaging', 3, 4),
		(7, '2024-03-12', 'Bank Transfer', 'Eve Green', '789-012-3456', '404 Maple St', 4500.00, 'Delivering', 7, 0, 'Shipping with packaging', 5, 8),
		(8, '2024-07-12', 'Bank Transfer', 'Sara Connor', '213-555-0156', '505 Spruce St', 2200.00, 'Paid', 8, 1, 'Ship at D2', 3, 8),
		(9, '2024-07-12', 'VNPAY', 'Bruce Wayne', '212-555-0293', '606 Willow St', 2800.00, 'Completed', 9, 0, 'Shipping without packaging', 3, 8),
		(10, '2024-07-12', 'Bank Transfer', 'Diana Prince', '415-555-0472', '707 Fir St', 1900.00, 'Completed', 10, 0, 'Ship at D1', 3 ,8),
		(11, '2024-07-12', 'VNPAY', 'Barry Allen', '310-555-0183', '808 Redwood St', 2300.00, 'Delivering', 11, 1, 'Shipping with packaging', 5, 8),
		(12, '2024-07-12', 'Bank Transfer', 'Peter Parker', '617-555-0194', '909 Ash St', 2100.00, 'Cancelled', 12, 0, 'Ship at D2', 5, 4),
		(13, '2024-07-12', 'VNPAY', 'Natasha Romanoff', '818-555-0215', '1010 Sequoia St', 2400.00, 'Paid', 13, 1, 'Shipping without packaging', 5, 4),
		(1, '2024-07-12', 'Bank Transfer', 'John Doe', '123-456-7890', '123 Main St', 2000.00, 'Completed', 1, 0, 'Shipping with packaging', 3, 4),
		(2, '2024-07-13', 'Bank Transfer', 'Jane Smith', '234-567-8901', '456 Elm St', 3000.00, 'Paid', 2, 1, 'Ship at D2', 3, 8),
		(3, '2024-07-14', 'VNPAY', 'Alice Johnson', '345-678-9012', '789 Oak St', 1500.00, 'Preparing', 3, 0, 'Shipping without packaging', 3, 4),
		(4, '2024-07-15', 'Bank Transfer', 'Bob Brown', '456-789-0123', '101 Pine St', 2500.00, 'Delivering', 4, 1, 'Shipping with packaging', 5, 4),
		(5, '2024-07-16', 'VNPAY', 'Carol White', '567-890-1234', '202 Cedar St', 3500.00, 'Completed', 5, 0, 'Shipping with packaging', 5, 4),
		(6, '2024-07-17', 'VNPAY', 'David Black', '678-901-2345', '303 Birch St', 4000.00, 'Cancelled', 6, 1, 'Shipping with packaging', 3, 8),
		(7, '2024-07-18', 'VNPAY', 'Eve Green', '789-012-3456', '404 Maple St', 4500.00, 'Delivering', 7, 0, 'Shipping with packaging', 5, 4),
		(8, '2024-07-19', 'VNPAY', 'Sara Connor', '213-555-0156', '505 Spruce St', 2200.00, 'Paid', 8, 1, 'Ship at D2', 3, 8),
		(9, '2024-07-20', 'VNPAY', 'Bruce Wayne', '212-555-0293', '606 Willow St', 2800.00, 'Completed', 9, 0, 'Shipping without packaging', 3, 4),
		(10, '2024-07-21', 'VNPAY', 'Diana Prince', '415-555-0472', '707 Fir St', 1900.00, 'Completed', 10, 0, 'Ship at D1', 5, 8),
		(11, '2024-07-22', 'VNPAY', 'Barry Allen', '310-555-0183', '808 Redwood St', 2300.00, 'Delivering', 11, 1, 'Shipping with packaging', 3, 4),
		(12, '2024-07-23', 'VNPAY', 'Peter Parker', '617-555-0194', '909 Ash St', 2100.00, 'Cancelled', 12, 0, 'Ship at D2', 3, 8),
		(13, '2024-07-24', 'VNPAY', 'Natasha Romanoff', '818-555-0215', '1010 Sequoia St', 2400.00, 'Paid', 13, 1, 'Shipping without packaging', 5, 4),
		(14, '2024-07-25', 'VNPAY', 'Steve Rogers', '305-555-0346', '1111 Cypress St', 2500.00, 'Completed', 14, 0, 'Shipping with packaging', 3, 8),
		(15, '2024-07-26', 'VNPAY', 'Tony Stark', '702-555-0457', '1212 Juniper St', 2900.00, 'Delivering', 15, 1, 'Ship at D2', 5, 4),
		(16, '2024-07-27', 'VNPAY', 'Wanda Maximoff', '213-555-0568', '1313 Chestnut St', 1700.00, 'Preparing', 16, 0, 'Shipping with packaging', 3, 8),
		(17, '2024-07-28', 'Bank Transfer', 'Scott Lang', '212-555-0679', '1414 Magnolia St', 2600.00, 'Paid', 17, 1, 'Ship at D1', 5, 4),
		(1, '2024-07-29', 'VNPAY', 'John Doe', '123-456-7890', '123 Main St', 1800.00, 'Completed', 1, 0, 'Ship at D2', 3, 4),
		(2, '2024-07-30', 'Bank Transfer', 'Jane Smith', '234-567-8901', '456 Elm St', 2200.00, 'Delivering', 2, 1, 'Ship at D1', 5, 8),
		(3, '2024-07-31', 'Bank Transfer', 'Alice Johnson', '345-678-9012', '789 Oak St', 2700.00, 'Preparing', 3, 0, 'Shipping with packaging', 3, 4),
		(4, '2024-08-01', 'VNPAY', 'Bob Brown', '456-789-0123', '101 Pine St', 1900.00, 'Paid', 4, 1, 'Shipping without packaging', 5, 8),
		(5, '2024-08-02', 'Bank Transfer', 'Carol White', '567-890-1234', '202 Cedar St', 1600.00, 'Completed', 5, 0, 'Ship at D2', 3, 4),
		(6, '2024-08-03', 'Bank Transfer', 'David Black', '678-901-2345', '303 Birch St', 3200.00, 'Delivering', 6, 1, 'Shipping with packaging', 5, 8),
		(7, '2024-08-04', 'VNPAY', 'Eve Green', '789-012-3456', '404 Maple St', 1400.00, 'Cancelled', 7, 0, 'Shipping without packaging', 3, 4),
		(8, '2024-08-05', 'Bank Transfer', 'Sara Connor', '213-555-0156', '505 Spruce St', 1800.00, 'Delivering', 8, 1, 'Ship at D1', 5, 8),
		(9, '2024-08-06', 'Bank Transfer', 'Bruce Wayne', '212-555-0293', '606 Willow St', 3100.00, 'Paid', 9, 0, 'Shipping with packaging', 3, 4),
		(10, '2024-08-07', 'VNPAY', 'Diana Prince', '415-555-0472', '707 Fir St', 2800.00, 'Completed', 10, 0, 'Ship at D2', 5, 8),
		(11, '2024-08-08', 'Bank Transfer', 'Barry Allen', '310-555-0183', '808 Redwood St', 1700.00, 'Delivering', 11, 1, 'Shipping with packaging', 3, 4),
		(12, '2024-08-09', 'Bank Transfer', 'Peter Parker', '617-555-0194', '909 Ash St', 1300.00, 'Cancelled', 12, 0, 'Ship at D1', 5, 8),
		(13, '2024-08-10', 'VNPAY', 'Natasha Romanoff', '818-555-0215', '1010 Sequoia St', 2600.00, 'Completed', 13, 1, 'Shipping without packaging', 3, 4),
		(14, '2024-08-11', 'Bank Transfer', 'Steve Rogers', '305-555-0346', '1111 Cypress St', 2400.00, 'Paid', 14, 0, 'Ship at D2', 5, 8),
		(15, '2024-08-12', 'Bank Transfer', 'Tony Stark', '702-555-0457', '1212 Juniper St', 2500.00, 'Delivering', 15, 1, 'Shipping with packaging', 3, 4),
		(16, '2024-08-13', 'VNPAY', 'Wanda Maximoff', '213-555-0568', '1313 Chestnut St', 2900.00, 'Preparing', 16, 0, 'Ship at D2', 5, 8),
		(17, '2024-08-14', 'Bank Transfer', 'Scott Lang', '212-555-0679', '1414 Magnolia St', 2700.00, 'Paid', 17, 1, 'Shipping with packaging', 3, 4),
		(1, '2024-08-15', 'Bank Transfer', 'John Doe', '123-456-7890', '123 Main St', 2100.00, 'Delivering', 1, 0, 'Ship at D1', 5, 8),
		(2, '2024-08-16', 'VNPAY', 'Jane Smith', '234-567-8901', '456 Elm St', 2500.00, 'Completed', 2, 1, 'Shipping without packaging', 3, 4),
		(3, '2024-08-17', 'Bank Transfer', 'Alice Johnson', '345-678-9012', '789 Oak St', 2900.00, 'Preparing', 3, 0, 'Ship at D2', 5, 8),
		(4, '2024-08-18', 'Bank Transfer', 'Bob Brown', '456-789-0123', '101 Pine St', 2200.00, 'Paid', 4, 1, 'Shipping with packaging', 3, 4),
		(5, '2024-08-19', 'VNPAY', 'Carol White', '567-890-1234', '202 Cedar St', 1800.00, 'Completed', 5, 0, 'Ship at D2', 5, 8),
		(6, '2024-08-20', 'Bank Transfer', 'David Black', '678-901-2345', '303 Birch St', 3500.00, 'Delivering', 6, 1, 'Shipping without packaging', 3, 4),
		(7, '2024-08-21', 'Bank Transfer', 'Eve Green', '789-012-3456', '404 Maple St', 1700.00, 'Cancelled', 7, 0, 'Shipping with packaging', 5, 8),
		(8, '2024-08-22', 'VNPAY', 'Sara Connor', '213-555-0156', '505 Spruce St', 2000.00, 'Delivering', 8, 1, 'Ship at D1', 3, 4),
		(9, '2024-08-23', 'Bank Transfer', 'Bruce Wayne', '212-555-0293', '606 Willow St', 3400.00, 'Paid', 9, 0, 'Shipping without packaging', 5, 8),
		(10, '2024-08-24', 'Bank Transfer', 'Diana Prince', '415-555-0472', '707 Fir St', 3100.00, 'Completed', 10, 0, 'Ship at D2', 3, 4),
		(11, '2024-08-25', 'VNPAY', 'Barry Allen', '310-555-0183', '808 Redwood St', 2000.00, 'Paid', 11, 1, 'Shipping with packaging', 5, 8),
		(12, '2024-08-26', 'Bank Transfer', 'Peter Parker', '617-555-0194', '909 Ash St', 1500.00, 'Cancelled', 12, 0, 'Ship at D1', 3, 4),
		(13, '2024-08-27', 'Bank Transfer', 'Natasha Romanoff', '818-555-0215', '1010 Sequoia St', 2900.00, 'Delivering', 13, 1, 'Shipping with packaging', 5, 8),
		(14, '2024-08-28', 'VNPAY', 'Steve Rogers', '305-555-0346', '1111 Cypress St', 2700.00, 'Completed', 14, 0, 'Shipping without packaging', 3, 4),
		(15, '2024-08-29', 'Bank Transfer', 'Tony Stark', '702-555-0457', '1212 Juniper St', 4300.00, 'Completed', 15, 1, 'Ship at D1', 5, 8),
		(16, '2024-08-30', 'Bank Transfer', 'Wanda Maximoff', '213-555-0568', '1313 Chestnut St', 2400.00, 'Paid', 16, 0, 'Shipping with packaging', 3, 4),
		(17, '2024-08-31', 'VNPAY', 'Scott Lang', '212-555-0679', '1414 Magnolia St', 3000.00, 'Delivering', 17, 1, 'Ship at D2', 5, 8),
		(1, '2024-09-01', 'Bank Transfer', 'John Doe', '123-456-7890', '123 Main St', 2300.00, 'Cancelled', 1, 0, 'Shipping without packaging', 3, 4),
		(2, '2024-09-02', 'Bank Transfer', 'Jane Smith', '234-567-8901', '456 Elm St', 2600.00, 'Paid', 2, 1, 'Ship at D1', 5, 8),
		(3, '2024-09-03', 'VNPAY', 'Alice Johnson', '345-678-9012', '789 Oak St', 2900.00, 'Preparing', 3, 0, 'Shipping with packaging', 3, 4),
		(4, '2024-09-04', 'Bank Transfer', 'Bob Brown', '456-789-0123', '101 Pine St', 2200.00, 'Paid', 4, 1, 'Shipping without packaging', 5, 8),
		(5, '2024-09-05', 'Bank Transfer', 'Carol White', '567-890-1234', '202 Cedar St', 1800.00, 'Completed', 5, 0, 'Ship at D2', 3, 4),
		(6, '2024-09-06', 'VNPAY', 'David Black', '678-901-2345', '303 Birch St', 3500.00, 'Delivering', 6, 1, 'Shipping with packaging', 5, 8),
		(7, '2024-09-07', 'Bank Transfer', 'Eve Green', '789-012-3456', '404 Maple St', 1700.00, 'Cancelled', 7, 0, 'Shipping without packaging', 3, 4),
		(8, '2024-09-08', 'Bank Transfer', 'Sara Connor', '213-555-0156', '505 Spruce St', 2000.00, 'Delivering', 8, 1, 'Ship at D1', 5, 8),
		(9, '2024-09-09', 'VNPAY', 'Bruce Wayne', '212-555-0293', '606 Willow St', 3400.00, 'Paid', 9, 0, 'Shipping with packaging', 3, 4),
		(10, '2024-09-10', 'Bank Transfer', 'Diana Prince', '415-555-0472', '707 Fir St', 3100.00, 'Completed', 10, 0, 'Ship at D2', 5, 8),
		(11, '2024-09-11', 'Bank Transfer', 'Barry Allen', '310-555-0183', '808 Redwood St', 2000.00, 'Paid', 11, 1, 'Shipping with packaging', 3, 4),
		(12, '2024-09-12', 'VNPAY', 'Peter Parker', '617-555-0194', '909 Ash St', 1500.00, 'Cancelled', 12, 0, 'Ship at D1', 5, 8),
		(13, '2024-09-13', 'Bank Transfer', 'Natasha Romanoff', '818-555-0215', '1010 Sequoia St', 2900.00, 'Delivering', 13, 1, 'Shipping with packaging', 3, 4),
		(14, '2024-09-14', 'Bank Transfer', 'Steve Rogers', '305-555-0346', '1111 Cypress St', 2700.00, 'Completed', 14, 0, 'Shipping without packaging', 5, 8),
		(15, '2024-09-15', 'VNPAY', 'Tony Stark', '702-555-0457', '1212 Juniper St', 4300.00, 'Completed', 15, 1, 'Ship at D1', 3, 4),
		(16, '2024-09-16', 'Bank Transfer', 'Wanda Maximoff', '213-555-0568', '1313 Chestnut St', 2400.00, 'Paid', 16, 0, 'Shipping with packaging', 5, 8),
		(17, '2024-09-17', 'Bank Transfer', 'Scott Lang', '212-555-0679', '1414 Magnolia St', 3000.00, 'Delivering', 17, 1, 'Ship at D2', 3, 4);

			INSERT INTO CATEGORY ([Name], Status) VALUES
			('Rings', 1),
			('Earrings', 1),
			('Bracelets', 1),
			('Necklaces', 1),
			('Wedding Rings', 1),
			('Wedding Earrings', 1),
			('Wedding Bracelets',1),
			('Wedding Necklaces',1),
			('Engagement Rings',1),
			('Diamond',1);
			
			INSERT INTO SHELLMATERIAL ([Name], Price, Status) VALUES
			('Silver', 1500, 1),
			('Gold', 1700, 1),
			('Rose Gold', 2000, 1),
			('White Gold', 2300, 1);
			
		INSERT INTO COLLECTION ([Name], Status, [Description], CollectionImage)
		VALUES
		('Lotus Diamond Jewelry Collection', 1, 'An exquisite jewelry set featuring diamonds arranged in a lotus-inspired design, epitomizing elegance and sophistication.', 'https://i2.wp.com/www.wolf-and-stag.com/wp-content/uploads/2019/11/Capsule-Jewelry-Collection-4.jpg?quality=100&resize=1000%2C1500'),
		('Modern Majesty Collection', 1, 'A contemporary collection that combines sleek designs with majestic diamond settings, perfect for the modern monarch.', 'https://i.etsystatic.com/44410244/r/il/e673fe/5068446280/il_fullxfull.5068446280_2ksj.jpg'),
		('Classic Charm Collection', 1, 'A timeless collection that captures the essence of classic elegance with charming diamond pieces.', 'https://image.brilliantearth.com/media/thumbnail/32/c0/32c03ba80196fe7da32991b3183feb81.jpg'),
		('Pure Perfection Collection', 1, 'An immaculate collection showcasing flawless diamonds that exude purity and perfection in every piece.', 'https://image.brilliantearth.com/cdn-cgi/image/width=1440,height=1090,quality=100,format=auto/https://cdn.builder.io/api/v1/image/assets%2F9f2a69003c86470ea05deb9ecb9887be%2F74d345b581d1441d90f4a8a734add393'),
		('Royal Radiance Collection', 1, 'A luxurious collection designed to evoke the regal beauty and radiant splendor of royalty.', 'https://image.brilliantearth.com/cdn-cgi/image/width=886,height=1026,quality=100,format=auto/https://cdn.builder.io/api/v1/image/assets%2F9f2a69003c86470ea05deb9ecb9887be%2Fcc070a91902748e18c5359226ef4fb7a'),
		('Celestial Sparkle Collection', 1, 'A heavenly collection inspired by the stars, featuring diamonds that sparkle like the night sky.', 'https://image.brilliantearth.com/cdn-cgi/image/width=886,height=1026,quality=100,format=auto/https://cdn.builder.io/api/v1/image/assets%2F9f2a69003c86470ea05deb9ecb9887be%2F546baa4954c64db18a3a75b885337b99'),
		('Majestic Mystique Collection', 1, 'An enigmatic collection that blends majestic designs with a touch of mystery, ideal for those who love captivating jewelry.', 'https://image.brilliantearth.com/media/product_tile_images/CocktailRings_MORE-TO-EXPLORE-TILES_DESKTOP_FJ.jpg'),
		('Vintage Virtue Collection', 1, 'A nostalgic collection that brings back the charm and virtue of vintage jewelry, with pieces that tell a story.', 'https://image.brilliantearth.com/media/product_tile_images/CocktailRings_MORE-TO-EXPLORE-TILES_DESKTOP_FASHION.jpg');
		INSERT INTO DIAMONDATTRIBUTE (Shape, Color, Clarity, Carat, Cut)
		VALUES
		('Round', 'F', 'VVS2', 1.03, 'Super Ideal'),
		('Round', 'G', 'VVS2', 1.00, 'Super Ideal'),
		('Round', 'F', 'VVS2', 0.56, 'Super Ideal'),
		('Round', 'G', 'VS2', 1.20, 'Super Ideal'),
		('Round', 'H', 'VS1', 2.01, 'Super Ideal'),
		('Round', 'I', 'VVS2', 0.31, 'Very Good'),
		('Oval', 'G', 'VS1', 1.50, 'Super Ideal'),
		('Oval', 'J', 'VS1', 1.51, 'Ideal'),
		('Oval', 'F', 'VS1', 1.00, 'Ideal'),
		('Oval', 'J', 'VS1', 1.51, 'Ideal'),
		('Oval', 'G', 'VVS2', 1.70, 'Ideal'),
		('Oval', 'G', 'VS1', 1.50, 'Super Ideal'),
		('Oval', 'F', 'VVS2', 1.00, 'Ideal'),
		('Oval', 'F', 'VVS2', 1.01, 'Ideal'),
		('Emerald', 'F', 'VVS2', 1.30, 'Super Ideal'),
		('Emerald', 'G', 'VS1', 2.01, 'Super Ideal'),
		('Emerald', 'G', 'IF', 2.01, 'Ideal'),
		('Emerald', 'H', 'VVS2', 2.02, 'Ideal'),
		('Emerald', 'H', 'VVS1', 1.21, 'Ideal'),
		('Emerald', 'H', 'IF', 2.00, 'Super Ideal'),
		('Cushion', 'H', 'VS2', 1.03, 'Super Ideal'),
		('Cushion', 'G', 'VVS1', 1.01, 'Super Ideal'),
		('Cushion', 'G', 'VVS2', 1.51, 'Super Ideal'),
		('Cushion', 'G', 'IF', 1.50, 'Super Ideal'),
		('Cushion', 'I', 'VS2', 2.01, 'Very Good'),
		('Cushion', 'G', 'VVS2', 1.51, 'Super Ideal'),
		('Cushion', 'I', 'VS1', 1.90, 'Super Ideal'),
		('Pear', 'J', 'SI1', 3.01, 'Ideal'),
		('Pear', 'I', 'SI1', 1.75, 'Ideal'),
		('Pear', 'J', 'SI1', 0.96, 'Very Good'),
		('Pear', 'F', 'VVS2', 1.02, 'Ideal'),
		('Pear', 'F', 'VS1', 1.21, 'Ideal'),
		('Pear', 'F', 'VS2', 1.43, 'Ideal'),
		('Radiant', 'J', 'VS2', 2.01, 'Super Ideal'),
		('Radiant', 'F', 'VVS1', 1.03, 'Ideal'),
		('Radiant', 'I', 'VS1', 2.01, 'Super Ideal'),
		('Radiant', 'H', 'VS1', 2.02, 'Super Ideal'),
		('Radiant', 'G', 'VVS1', 1.50, 'Ideal'),
		('Princess', 'F', 'VVS2', 1.00, 'Super Ideal'),
		('Princess', 'J', 'VVS1', 2.02, 'Super Ideal'),
		('Princess', 'F', 'VS1', 0.80, 'Ideal'),
		('Princess', 'F', 'VVS2', 1.01, 'Ideal'),
		('Princess', 'G', 'VVS1', 1.51, 'Super Ideal'),
		('Princess', 'G', 'VS1', 1.01, 'Ideal'),
		('Princess', 'F', 'VVS1', 0.92, 'Super Ideal'),
		('Marquise', 'J', 'VS2', 1.00, 'Ideal'),
		('Marquise', 'G', 'VVS1', 0.53, 'Ideal'),
		('Marquise', 'F', 'SI1', 0.32, 'Ideal'),
		('Marquise', 'I', 'VS2', 0.50, 'Very Good'),
		('Marquise', 'G', 'VS1', 0.50, 'Ideal'),
		('Asscher', 'J', 'VVS2', 1.01, 'Ideal'),
		('Asscher', 'F', 'VS1', 0.91, 'Super Ideal'),
		('Asscher', 'F', 'VVS2', 0.70, 'Ideal'),
		('Asscher', 'G', 'IF', 0.71, 'Ideal'),
		('Heart', 'F', 'VS1', 0.91, 'Ideal'),
		('Heart', 'G', 'VS1', 0.90, 'Ideal'),
		('Heart', 'F', 'VS2', 0.71, 'Ideal'),
		('Heart', 'F', 'IF', 0.52, 'Ideal'),
		('Heart', 'F', 'VVS2', 0.56, 'Very Good'),
		('Round', 'H', 'VVS1', 1.20, 'Ideal'),
		('Round', 'G', 'SI1', 0.80, 'Super Ideal'),
		('Round', 'F', 'IF', 0.75, 'Ideal'),
		('Round', 'H', 'VS1', 1.50, 'Very Good'),
		('Oval', 'F', 'SI2', 0.90, 'Super Ideal'),
		('Oval', 'I', 'VVS1', 1.40, 'Ideal'),
		('Oval', 'G', 'IF', 0.85, 'Super Ideal'),
		('Emerald', 'I', 'SI1', 1.75, 'Very Good'),
		('Emerald', 'F', 'VS2', 1.10, 'Ideal'),
		('Cushion', 'H', 'IF', 1.30, 'Super Ideal'),
		('Cushion', 'I', 'VS1', 0.95, 'Ideal'),
		('Pear', 'G', 'VVS2', 1.60, 'Super Ideal'),
		('Pear', 'H', 'VS1', 0.70, 'Very Good'),
		('Radiant', 'I', 'SI2', 1.85, 'Ideal'),
		('Radiant', 'H', 'VVS1', 1.25, 'Super Ideal'),
		('Princess', 'F', 'SI1', 1.00, 'Very Good'),
		('Princess', 'G', 'IF', 0.80, 'Super Ideal'),
		('Marquise', 'H', 'VVS2', 1.10, 'Ideal'),
		('Marquise', 'I', 'SI1', 0.60, 'Very Good'),
		('Asscher', 'G', 'VS2', 0.95, 'Ideal'),
		('Asscher', 'H', 'IF', 1.30, 'Super Ideal'),
		('Heart', 'I', 'VS2', 0.85, 'Ideal'),
		('Heart', 'H', 'SI1', 1.20, 'Very Good'),
		('Round', 'F', 'VVS1', 1.00, 'Ideal'),
		('Round', 'I', 'VS1', 0.90, 'Super Ideal'),
		('Round', 'G', 'SI1', 1.25, 'Very Good'),
		('Oval', 'H', 'VS2', 1.70, 'Ideal'),
		('Oval', 'G', 'VVS1', 0.80, 'Super Ideal'),
		('Emerald', 'F', 'SI2', 1.50, 'Very Good'),
		('Emerald', 'G', 'VS1', 1.20, 'Ideal'),
		('Cushion', 'I', 'VVS2', 0.75, 'Super Ideal'),
		('Cushion', 'H', 'VS1', 1.10, 'Very Good'),
		('Pear', 'F', 'IF', 0.90, 'Ideal'),
		('Pear', 'G', 'VS2', 1.30, 'Super Ideal'),
		('Radiant', 'H', 'SI1', 1.00, 'Very Good'),
		('Radiant', 'I', 'VS2', 1.75, 'Ideal'),
		('Princess', 'F', 'VS1', 1.20, 'Super Ideal'),
		('Princess', 'H', 'VVS1', 0.70, 'Very Good'),
		('Marquise', 'G', 'SI2', 0.80, 'Ideal'),
		('Marquise', 'I', 'VS1', 1.10, 'Super Ideal'),
		('Asscher', 'H', 'VVS2', 0.95, 'Very Good'),
		('Asscher', 'F', 'SI1', 1.25, 'Ideal'),
		('Heart', 'G', 'IF', 0.85, 'Super Ideal'),
		('Heart', 'I', 'VS2', 1.40, 'Very Good'),
		('Heart', 'I', 'VS2', 0.4, 'Ideal'),
		('Heart', 'H', 'SI1', 0.3, 'Very Good'),
		('Round', 'F', 'VVS1', 0.2, 'Ideal'),
		('Round', 'I', 'VS1', 0.4, 'Super Ideal'),
		('Round', 'G', 'SI1', 0.33, 'Very Good'),
		('Oval', 'H', 'VS2', 0.22, 'Ideal'),
		('Oval', 'G', 'VVS1', 0.45, 'Super Ideal'),
		('Emerald', 'F', 'SI2', 0.40, 'Very Good'),
		('Emerald', 'G', 'VS1', 0.43, 'Ideal'),
		('Cushion', 'I', 'VVS2', 0.2, 'Super Ideal'),
		('Cushion', 'H', 'VS1', 0.34, 'Very Good'),
		('Pear', 'F', 'IF', 0.23, 'Ideal'),
		('Pear', 'G', 'VS2', 0.32, 'Super Ideal'),
		('Radiant', 'H', 'SI1', 0.34, 'Very Good'),
		('Radiant', 'I', 'VS2', 0.33, 'Ideal'),
		('Princess', 'F', 'VS1', 0.23, 'Super Ideal'),
		('Princess', 'H', 'VVS1', 0.23, 'Very Good'),
		('Marquise', 'G', 'SI2', 0.43, 'Ideal'),
		('Marquise', 'I', 'VS1', 0.4, 'Super Ideal'),
		('Asscher', 'H', 'VVS2', 0.39, 'Very Good'),
		('Asscher', 'F', 'SI1', 0.47, 'Ideal'),
		('Heart', 'G', 'IF', 0.37, 'Super Ideal'),
		('Heart', 'I', 'VS2', 0.4, 'Very Good');


INSERT INTO SUBDIAMOND (DiamondAtrributeID, AmountAvailable, Price, Status)
VALUES
    (105, 650, 3200.00, 1),
    (106, 600, 3400.00, 1),
    (107, 650, 3600.00, 1),
    (108, 800, 3800.00, 1),
    (109, 820, 4000.00, 1),
    (110, 980, 4200.00, 1),
    (111, 920, 4400.00, 1),
    (112, 880, 4600.00, 1),
    (113, 920, 4800.00, 1),
    (114, 940, 5000.00, 1),
    (115, 960, 5200.00, 1),
    (116, 990, 5400.00, 1),
    (117, 910, 5600.00, 1),
    (118, 930, 5800.00, 1),
    (119, 960, 6000.00, 1),
    (120, 890, 6200.00, 1),
    (121, 830, 6400.00, 1),
    (122, 850, 6600.00, 1),
    (123, 880, 6800.00, 1),
    (124, 800, 7000.00, 1),
    (125, 430, 7200.00, 1),
    (104, 450, 7400.00, 1),
    (126, 480, 7600.00, 1);
INSERT INTO PRODUCT (productCode, [Name], Price, [Description], MainDiamondAtrributeID, SubDiamondAtrributeID, LaborCost, ImageLinkList, MainDiamondAmount, SubDiamondAmount, Status, CollectionID, CategoryID)
VALUES
('PROD001', 'Cocktail Ring White', 3190.00, 'Seven rows of shimmering lab diamonds that wrap the finger in light in this glamorous cocktail design.', 1, null, 71.50, 'https://image.brilliantearth.com/media/diamond_ring_vto/0M/BE1D54_white_Round_top_2_carat.png;https://image.brilliantearth.com/media/carat_image/84/BE1D54_RD_200ct_white_side1.jpg;https://image.brilliantearth.com/media/product_images/9R/BE1D54-18KW_BE3D20-18KW_3.jpg;https://image.brilliantearth.com/media/product_images/D6/BE1D54_white_additional2.jpeg', 1, 0, 1, 2, 1),
('PROD002', 'Ballad Eternity Ring', 1190.00, 'A stunning ring featuring diamonds that encircle the band for a timeless and elegant look.', 5, 124, 276.00, 'https://image.brilliantearth.com/media/diamond_ring_vto/0M/BE1D54_white_Round_top_2_carat.png;https://image.brilliantearth.com/media/carat_image/84/BE1D54_RD_200ct_white_side1.jpg;https://image.brilliantearth.com/media/product_images/9R/BE1D54-18KW_BE3D20-18KW_3.jpg;https://image.brilliantearth.com/media/product_images/D6/BE1D54_white_additional2.jpeg', 1, 20, 1, 2, 9),
('PROD003', 'Riviera Eternity Ring', 1990.00, 'This ring showcases lab diamonds in a continuous band, creating an eternity effect.', 6, 125, 64.00, 'https://image.brilliantearth.com/media/diamond_ring_vto/0M/BE1D54_white_Round_top_2_carat.png;https://image.brilliantearth.com/media/carat_image/84/BE1D54_RD_200ct_white_side1.jpg;https://image.brilliantearth.com/media/product_images/9R/BE1D54-18KW_BE3D20-18KW_3.jpg;https://image.brilliantearth.com/media/product_images/D6/BE1D54_white_additional2.jpeg', 1, 20, 1, 2, 9),
('PROD004', 'Ellora Ring', 2750.00, 'Featuring lab diamonds around the entire band, this ring sparkles with sophistication.', 12, 104, 82.10, 'https://image.brilliantearth.com/media/diamond_ring_vto/P9/BE1D14842_yellow_Pear_top_2_carat.png;https://image.brilliantearth.com/media/carat_image/B1/BE1D14842_PS_200ct_yellow_side2.jpg;https://image.brilliantearth.com/media/carat_image/BE/BE1D14842_PS_200ct_yellow_side1.jpg;https://image.brilliantearth.com/media/product_images/3V/BE1D14842LC-yellow_035.jpg', 1, 6, 1, 2, 1),
('PROD005', 'Lab Grown Stud Earrings', 1995.00, 'Elegant stud earrings featuring certified lab grown diamonds.', 4, null, 69.80, 'https://image.brilliantearth.com/media/product_images/DF/BE304RD100_white_top.jpg;https://image.brilliantearth.com/media/product_images/ZJ/BE304RD100LAB_add_img1_96114.jpeg;https://image.brilliantearth.com/media/product_images/04/BE304RD100-18KW_2.jpg;https://image.brilliantearth.com/media/product_images/VK/BE215-18KW_062.jpg', 2, 0, 1, 2, 2),
('PROD006', 'Heart Stud Earrings', 425.00, 'Beautiful heart-shaped stud earrings with lab grown diamonds.', null, 105, 53.00, 'https://image.brilliantearth.com/media/product_images/7J/BE3D20-18KY_850_top.jpg;https://image.brilliantearth.com/media/product_images/QO/BE3D20-18KY_additional1.jpeg;https://image.brilliantearth.com/media/product_images/WD/expires_oct2024_102422_SL_HP_MinimalistGifts_HERO.jpg;https://image.brilliantearth.com/media/product_images/HV/BE3D20-18KY_2.jpg', 0, 20, 1, 2, 6),
('PROD007', 'Luxe Ring', 2590.00, 'Luxe design with diamonds set along the band.', 18, null, 81.00, 'https://image.brilliantearth.com/media/diamond_ring_vto/SA/BE113_white_Round_top_2_carat.png;https://image.brilliantearth.com/media/carat_image/DB/BE113_RD_200ct_white_side1.jpg;https://image.brilliantearth.com/media/product_images/X8/BE113-18KW-N-S6_019.jpg;https://image.brilliantearth.com/media/product_images/A2/BE113_white_additional1.jpg', 1, 0, 1, 2, 1),
('PROD008', 'Secret Garden Eternity Ring', 4790.00, 'Nature-inspired with diamonds resembling leaves and vines.', null, 107, 61.60, 'https://image.brilliantearth.com/media/product_images/05/BE2D062_yellow_00.jpg;https://image.brilliantearth.com/media/product_images/L2/BE2D062_yellow_02.jpg;https://image.brilliantearth.com/media/product_images/1V/BE2D062-18KY_2.jpg;https://image.brilliantearth.com/media/product_images/VJ/BE1D225-18KY_3.jpg', 0, 8, 1, 2, 9),
('PROD009', 'Twisted Vine Ring', 2490.00, 'Twisted design with diamonds entwined in vines.', null, 10, 72.00, 'https://image.brilliantearth.com/media/product_new_images/ED/BE2D2110_white_top.jpg;https://image.brilliantearth.com/media/product_new_images/32/BE2D2110_white_side1.jpg;https://image.brilliantearth.com/media/product_images/RZ/BE2D2110-18KW_2.jpg;https://image.brilliantearth.com/media/product_images/PO/BE2D2110_white_additional1.jpeg', 0, 10, 1, 2, 1),
('PROD010', 'Petite Heart Ring', 1690.00, 'Elegant twist design with petite diamonds.', null, 109, 43.15, 'https://image.brilliantearth.com/media/product_new_images/BA/BE2D621_white_top.jpg;https://image.brilliantearth.com/media/product_new_images/08/BE2D621_white_side1.jpg;https://image.brilliantearth.com/media/product_images/QM/BE2D621-18KW_4.jpg;https://image.brilliantearth.com/media/product_images/5M/BE2D621-18KW_2.jpg', 0, 5, 1, 4, 5),
('PROD011', 'Whisper Eternity Necklace', 2890.00, 'Delicate design with diamonds encircling the band.', 19, 110, 68.30, 'https://image.brilliantearth.com/media/product_images/CB/BE4DTN50_white_top.jpg;https://image.brilliantearth.com/media/product_images/7S/BE4DTN50_top.jpeg;https://image.brilliantearth.com/media/product_images/AM/BE1D4257LC-18KW-N-S6_BE4DTN50-18KW_BE4DTN50LC-14KW_062.jpg;https://image.brilliantearth.com/media/product_images/U0/BE3AD603-S_BE4DTN50-18KW_BE4DTN50LC-14KW_070.jpg', 0, 28, 1, 5, 4),
('PROD012', 'Certified Stud Earrings', 1995.00, 'Elegant stud earrings featuring certified lab grown diamonds.', 23, 111, 79.32, 'https://image.brilliantearth.com/media/product_images/90/BE3DME01318_white_top.jpg;https://image.brilliantearth.com/media/product_images/9X/BE3DME01318_additional1.jpeg;https://image.brilliantearth.com/media/product_images/ZP/BE3DME01318-18KY_top.jpg;https://image.brilliantearth.com/media/product_images/Z5/BE3DME01318-yellow.jpg', 2, 0, 1, 6, 2),
('PROD013', 'Stud Earrings', 495.00, 'Simple and elegant lab grown diamond stud earrings.', 25, 112, 42.00, 'https://image.brilliantearth.com/media/product_images/D4/BE3D0492E_yellow_top.jpg;https://image.brilliantearth.com/media/product_images/A5/BE3D0492E_white_top.jpg;https://image.brilliantearth.com/media/product_images/0F/BE3D0492E_rose_top.jpg;https://image.brilliantearth.com/media/product_images/FJ/BE3D492E-14KR_060.jpg', 2, 0, 1, 8, 2),
('PROD014', 'Heart Lab Earrings', 425.00, 'Beautiful heart-shaped stud earrings with lab grown diamonds.', null, 123, 48.00, 'https://image.brilliantearth.com/media/product_images/07/BE3D813_white_top.jpg;https://image.brilliantearth.com/media/product_images/L1/BE3D813-18KW_additional1.jpeg;https://image.brilliantearth.com/media/product_images/74/BE3D813_yellow_top.jpg;https://image.brilliantearth.com/media/product_images/OC/BE3D813-14KY_024.jpg', 0, 10, 1, 5, 6),
('PROD015', 'Stud Earrings', 3495.00, 'Elegant stud earrings featuring certified lab grown diamonds.', 11, null, 70.00, 'https://image.brilliantearth.com/media/product_images/XJ/BE304RD50_top_white.webp;https://image.brilliantearth.com/media/product_images/ZL/BE304RD50_top_yellow.webp;https://image.brilliantearth.com/media/product_images/QE/BE304RD50_top_rose.webp;https://image.brilliantearth.com/media/product_images/KE/BE2FPD14-18KW_v2_3.jpg', 2, 0, 1, 5, 2),
('PROD016', 'Lab Versace Ring', 750.00, 'Elegant lab grown diamond stud ring.', 14, 113, 56.00, 'https://image.brilliantearth.com/media/product_images/SU/BE2D15103_yellow_top_5.webp;https://image.brilliantearth.com/media/product_images/FL/BE2D15103_yellow_side1.webp;https://image.brilliantearth.com/media/product_images/EY/BE2D15103-18KY-N-S6_034.jpg;https://image.brilliantearth.com/media/product_images/D7/BE2119_yellow_additional1.jpg', 3, 10, 1, 1, 5),
('PROD017', 'Lab Grown Stud Earrings', 1295.00, 'Classic and elegant lab grown diamond stud earrings.', 60, 114, 75.00, 'https://image.brilliantearth.com/media/product_images/24/BE3H22_white_top.jpg;https://image.brilliantearth.com/media/product_images/AD/BE3H22_yellow_top.jpg;https://image.brilliantearth.com/media/product_images/DS/BE3H22-14KY_034.jpg;https://image.brilliantearth.com/media/product_images/A6/BE3H22-S_2.jpg', 2, 0, 1, 7, 2),
('PROD018', 'Heart Lab Earrings', 425.00, 'Beautiful heart-shaped stud earrings with lab grown diamonds.', 61, 115, 59.00, 'https://image.brilliantearth.com/media/product_images/17/BE3DVE1225A_yellow_top.jpg;https://image.brilliantearth.com/media/product_images/FB/BE3DVE1225A-14KY_additional1.webp;https://image.brilliantearth.com/media/product_images/3E/BE3DVE1225A_white_top.jpg;https://image.brilliantearth.com/media/product_images/EK/BE3DVE1225A-14KW_additional1.jpeg', 2, 10, 1, 2, 6),
('PROD019', 'Certified Lab Stud Earrings', 1995.00, 'Elegant stud earrings featuring certified lab grown diamonds.', 58, 116, 81.30, 'https://image.brilliantearth.com/media/product_images/9A/BE3D4212_white_top.jpg;https://image.brilliantearth.com/media/product_images/21/BE3D4212_yellow_top.jpg;https://image.brilliantearth.com/media/product_images/DF/BE3D4212_rose_top.jpg;https://image.brilliantearth.com/media/product_images/VP/BE304RD50-14KR_BE3D4212-14KR_007.jpg', 2, 0, 1, 2, 2),
('PROD020', 'Baguette Bracelet', 3990.00, 'A sophisticated bracelet featuring baguette and round diamonds in 18K yellow gold.', 41, 117, 74.20, 'https://image.brilliantearth.com/media/product_images/FQ/BE5dibm65-18KY_top.jpg;https://image.brilliantearth.com/media/product_images/3O/BE5dibm65-14KY_detail.jpg;https://image.brilliantearth.com/media/product_images/0Q/BE5dibm65-14KW_top_850.jpg;https://image.brilliantearth.com/media/product_images/EH/BE5dibm65-14KW_detail.jpg', 5, 0, 1, 2, 3),
('PROD021', 'Paperclip Lab Bracelet', 1295.00, 'A modern paperclip design adorned with lab-grown diamonds in 14K yellow gold.', null, 118, 68.00, 'https://image.brilliantearth.com/media/product_images/22/BE5D10TB65_white_top.jpg;https://image.brilliantearth.com/media/product_images/27/BE5D10TB65-18KY_additional1.jpg;https://image.brilliantearth.com/media/product_images/OF/BE5D10TB65-18KR_additional1.jpg;https://image.brilliantearth.com/media/product_images/1K/BE5D10TB-18KW_1_1.jpeg', 0, 15, 1, 8, 3),
('PROD022', 'Aster Bracelet', 1795.00, 'Elegant lab diamond tennis bracelet with a classic design.', 48, 119, 73.50, 'https://image.brilliantearth.com/media/product_images/38/BE5D0714BN_yellow_top.jpg;https://image.brilliantearth.com/media/product_images/GN/BE5DIBV65_BE5D714B7-18KY_BE5D714B7-18KW_BE5DIBM65_BE5D1263BNLC_BE5D714B7_BE5DIBV65.jpg;https://image.brilliantearth.com/media/product_images/9F/BE5D0714BN_rose_top.jpg;https://image.brilliantearth.com/media/product_images/FH/BE5D714BN-14KR_2.jpg', 1, 27, 1, 2, 3),
('PROD023', 'Beatrice Bracelet', 1795.00, 'A stunning tennis bracelet featuring lab-grown diamonds.', 28, 120, 80.00, 'https://image.brilliantearth.com/media/product_images/ZB/BE5D302-S_white_top.jpg;https://image.brilliantearth.com/media/product_images/A1/BE5D302-14KY_yellow_top.jpg;https://image.brilliantearth.com/media/product_images/08/BE5D300-14KY_BE1D999-18KY_016.jpg;https://image.brilliantearth.com/media/product_images/S9/BE5D300-S_2_1.jpg', 0, 25, 1, 2, 3),
('PROD024', 'Emerald Bracelet', 14990.00, 'An exquisite bracelet with emerald-cut diamonds in 18K white gold.', 32, null, 84.00, 'https://image.brilliantearth.com/media/product_images/19/BE5D501_yellow_top.jpg;https://image.brilliantearth.com/media/product_images/B0/BE5D501_white_top.jpg;https://image.brilliantearth.com/media/product_images/D0/BE5D501.jpeg;https://image.brilliantearth.com/media/product_images/6B/BE22002-18KW-S7_029.jpg', 5, 0, 1, 3, 3),
('PROD025', 'Oval Bracelet', 13990.00, 'A luxurious oval diamond tennis bracelet set in 14K white gold.', null, 121, 78.60, 'https://image.brilliantearth.com/media/product_images/CE/BE5dibv65-18KW_top.jpg;https://image.brilliantearth.com/media/product_images/WJ/BE5dibv65-18KW_top.jpg;https://image.brilliantearth.com/media/product_images/NB/BE5dibv65-18KW_additional1.jpg;https://image.brilliantearth.com/media/product_images/OL/BE5DIBV65_BE2SBT100_BE5D714B7_BE1D5320_BE2D064.jpg', 0, 60, 1, 4, 3),
('PROD026', 'Heart Bracelet', 6000.00, 'A romantic bracelet featuring heart-shaped lab diamonds in 18K white gold.', null, 122, 67.00, 'https://image.brilliantearth.com/media/product_images/ED/BE5D010TBLAB_white_top.jpg;https://image.brilliantearth.com/media/product_images/2S/BE5D010TB_white_additional1.jpg;https://image.brilliantearth.com/media/product_images/0P/BE5D010TB-PT_additional3.webp;https://image.brilliantearth.com/media/product_images/G4/BE5D10TB-18KW_1.webp', 0, 25, 1, 5, 7),
('PROD027', 'Heart Ring', 23000.00, 'A magnificent ring with princess-cut diamonds in 14K white gold.', 39, 123, 72.00, 'https://image.brilliantearth.com/media/product_new_images/B7/BE2D7890_yellow_top.jpg;https://image.brilliantearth.com/media/product_new_images/E4/BE2D7890_yellow_side1.jpg;https://image.brilliantearth.com/media/product_images/D2/BE2D1791_yellow_additional1.jpg;https://image.brilliantearth.com/media/product_images/C9/BE2D1791.jpg', 2, 0, 1, 6, 5),
('PROD028', 'Marquise Tennis Bracelet', 6795.00, 'An elegant bracelet featuring marquise-cut lab diamonds in 18K white gold.', 40, null, 68.00, 'https://image.brilliantearth.com/media/product_images/GV/BE5D251_white_side.jpg;https://image.brilliantearth.com/media/product_images/YE/BE5D251_white_top.jpg;https://image.brilliantearth.com/media/product_images/HG/BE5D251-S_001.jpg;https://image.brilliantearth.com/media/product_images/IC/BE2D2006-18KW_055.jpeg', 1, 0, 1, 7, 3),
('PROD029', 'Olivetta Tennis Bracelet', 5000.00, 'A timeless tennis bracelet adorned with lab-grown diamonds.', null, 125, 69.00, 'https://image.brilliantearth.com/media/product_images/FQ/BE5dibm65-18KY_top.jpg;https://image.brilliantearth.com/media/product_images/3O/BE5dibm65-14KY_detail.jpg;https://image.brilliantearth.com/media/product_images/0Q/BE5dibm65-14KW_top_850.jpg;https://image.brilliantearth.com/media/product_images/EH/BE5dibm65-14KW_detail.jpg', 0, 6, 1, 2, 3),
('PROD030', 'Willow Necklace', 2650.00, 'A delicate necklace featuring a diamond-encrusted willow branch design.', 53, 126, 76.00, 'https://image.brilliantearth.com/media/product_images/CB/BE4DTN50_white_top.jpg;https://image.brilliantearth.com/media/product_images/7S/BE4DTN50_top.jpeg;https://image.brilliantearth.com/media/product_images/AM/BE1D4257LC-18KW-N-S6_BE4DTN50-18KW_BE4DTN50LC-14KW_062.jpg;https://image.brilliantearth.com/media/product_images/U0/BE3AD603-S_BE4DTN50-18KW_BE4DTN50LC-14KW_070.jpg', 0, 54, 1, 1, 4),
('PROD031', 'Luna Ring', 4800.00, 'A stunning ring with a crescent moon design adorned with diamonds.', 62, null, 81.00, 'https://image.brilliantearth.com/media/diamond_ring_vto/SA/BE113_white_Round_top_2_carat.png;https://image.brilliantearth.com/media/carat_image/DB/BE113_RD_200ct_white_side1.jpg;https://image.brilliantearth.com/media/product_images/X8/BE113-18KW-N-S6_019.jpg;https://image.brilliantearth.com/media/product_images/A2/BE113_white_additional1.jpg', 1, 0, 1, 6, 1),
('PROD032', 'Starburst Necklace', 3400.00, 'A radiant starburst design necklace featuring brilliant diamonds.', null, 110, 63.00, 'https://image.brilliantearth.com/media/product_images/AE/BE4D706C_white_top.jpg;https://image.brilliantearth.com/media/product_images/5B/BE4D363_additional1.jpg;https://image.brilliantearth.com/media/product_images/LT/BE4D706C-S.jpg;https://image.brilliantearth.com/media/product_images/6J/BE4D706C-S_v2.jpg', 0, 10, 1, 2, 4),
('PROD033', 'Infinity Necklace', 1790.00, 'An elegant infinity symbol necklace with lab-grown diamonds.', null, 12, 77.00, 'https://image.brilliantearth.com/media/product_images/VW/BE4SPCC16_yellow_top.jpeg;https://image.brilliantearth.com/media/product_images/EU/expires_oct2024_102422_SL_HP_TrendsettingGifts_HERO.jpg;https://image.brilliantearth.com/media/product_images/S5/BE4LPCC16-14KY_BE4D535-14KY_047.jpg;https://image.brilliantearth.com/media/product_images/MG/BE4LPCC16-14KY_BE4PL14-14KW_025.jpg', 0, 10, 1, 8, 4),
('PROD034', 'Hearts Necklace', 6200.00, 'A beautiful necklace featuring hearts and arrows design set with diamonds.', 4, null, 58.90, 'https://image.brilliantearth.com/media/shape_images/Z3/BE401_round_white_top.jpg;https://image.brilliantearth.com/media/product_images/K8/BE401_SIDE_WG_1.jpeg;https://image.brilliantearth.com/media/product_images/NB/BE401_3_4_WG_1.jpeg;https://image.brilliantearth.com/media/shape_images/AI/BE401_RD1_white.png', 1, 0, 1, 6, 8),
('PROD035', 'Blossom Ring', 395.00, 'A charming pendant with a floral blossom design encrusted with diamonds.', null, 122, 43.00, 'https://image.brilliantearth.com/media/product_new_images/B2/BE2M3420H_white_top.jpg;https://image.brilliantearth.com/media/product_new_images/D3/BE2M3420H_white_side1.jpg;https://image.brilliantearth.com/media/product_images/I7/BE2M3420H-18KW_2.jpg;https://image.brilliantearth.com/media/product_images/46/BE2M3420H_white_additional1.jpeg', 1, 0, 1, 1, 5),
('PROD036', 'Kinderson Ring', 3190.00, 'Seven rows of shimmering lab diamonds that wrap the finger in light in this glamorous cocktail design.', 9, null, 71.50, 'https://image.brilliantearth.com/media/product_new_images/B7/BE2D7890_yellow_top.jpg;https://image.brilliantearth.com/media/product_new_images/E4/BE2D7890_yellow_side1.jpg;https://image.brilliantearth.com/media/product_images/D2/BE2D1791_yellow_additional1.jpg;https://image.brilliantearth.com/media/product_images/C9/BE2D1791.jpg', 1, 0, 1, 2, 1),
('PROD037', 'Balalas Eternity Ring', 1190.00, 'A stunning ring featuring diamonds that encircle the band for a timeless and elegant look.', 19, 104, 76.00, 'https://image.brilliantearth.com/media/diamond_ring_vto/0M/BE1D54_white_Round_top_2_carat.png;https://image.brilliantearth.com/media/carat_image/84/BE1D54_RD_200ct_white_side1.jpg;https://image.brilliantearth.com/media/product_images/9R/BE1D54-18KW_BE3D20-18KW_3.jpg;https://image.brilliantearth.com/media/product_images/D6/BE1D54_white_additional2.jpeg', 1, 20, 1, 2, 9),
('PROD038', 'Rosary Eternity Ring', 1990.00, 'This ring showcases lab diamonds in a continuous band, creating an eternity effect.', null, 105, 64.00, 'https://image.brilliantearth.com/media/product_new_images/6E/BE2D7158_white_top.jpg;https://image.brilliantearth.com/media/carat_image/ED/BE1M30D_RD_200ct_white_side1.jpg;https://image.brilliantearth.com/media/product_images/SF/BE1M30D-18KW-RD_2.jpg;https://image.brilliantearth.com/media/product_images/U1/BE1M30D_white_additional1.jpeg', 0, 15, 1, 2, 9),
('PROD039', 'Ellora Dynasty Ring', 2750.00, 'Featuring lab diamonds around the entire band, this ring sparkles with sophistication.', 15, 106, 82.10, 'https://image.brilliantearth.com/media/diamond_ring_vto/P9/BE1D14842_yellow_Pear_top_2_carat.png;https://image.brilliantearth.com/media/carat_image/B1/BE1D14842_PS_200ct_yellow_side2.jpg;https://image.brilliantearth.com/media/carat_image/BE/BE1D14842_PS_200ct_yellow_side1.jpg;https://image.brilliantearth.com/media/product_images/3V/BE1D14842LC-yellow_035.jpg', 1, 6, 1, 2, 1),
('PROD040', 'Lab Grown Stud Earrings', 1995.00, 'Elegant stud earrings featuring certified lab grown diamonds.', 20, 107, 69.80, 'https://image.brilliantearth.com/media/product_images/DF/BE304RD100_white_top.jpg;https://image.brilliantearth.com/media/product_images/ZJ/BE304RD100LAB_add_img1_96114.jpeg;https://image.brilliantearth.com/media/product_images/04/BE304RD100-18KW_2.jpg;https://image.brilliantearth.com/media/product_images/VK/BE215-18KW_062.jpg', 2, 0, 1, 2, 2),
('PROD041', 'Heart Stud Earrings', 425.00, 'Beautiful heart-shaped stud earrings with lab grown diamonds.', null, 108, 53.00, 'https://image.brilliantearth.com/media/product_images/7J/BE3D20-18KY_850_top.jpg;https://image.brilliantearth.com/media/product_images/QO/BE3D20-18KY_additional1.jpeg;https://image.brilliantearth.com/media/product_images/WD/expires_oct2024_102422_SL_HP_MinimalistGifts_HERO.jpg;https://image.brilliantearth.com/media/product_images/HV/BE3D20-18KY_2.jpg', 0, 20, 1, 2, 6),
('PROD042', 'Luxury Ring', 2590.00, 'Luxury design with diamonds set along the band.', 60, 109, 81.00, 'https://image.brilliantearth.com/media/diamond_ring_vto/SA/BE113_white_Round_top_2_carat.png;https://image.brilliantearth.com/media/carat_image/DB/BE113_RD_200ct_white_side1.jpg;https://image.brilliantearth.com/media/product_images/X8/BE113-18KW-N-S6_019.jpg;https://image.brilliantearth.com/media/product_images/A2/BE113_white_additional1.jpg', 1, 0, 1, 2, 1),
('PROD043', 'Secret Eternity Ring', 4790.00, 'Nature-inspired with diamonds resembling leaves and vines.', null, 110, 61.60, 'https://image.brilliantearth.com/media/product_images/05/BE2D062_yellow_00.jpg;https://image.brilliantearth.com/media/product_images/L2/BE2D062_yellow_02.jpg;https://image.brilliantearth.com/media/product_images/1V/BE2D062-18KY_2.jpg;https://image.brilliantearth.com/media/product_images/VJ/BE1D225-18KY_3.jpg', 0, 8, 1, 2, 9),
('PROD044', 'Twisted Vine Ring', 2490.00, 'Twisted design with diamonds entwined in vines.', 42, 111, 72.00, 'https://image.brilliantearth.com/media/product_new_images/ED/BE2D2110_white_top.jpg;https://image.brilliantearth.com/media/product_new_images/32/BE2D2110_white_side1.jpg;https://image.brilliantearth.com/media/product_images/RZ/BE2D2110-18KW_2.jpg;https://image.brilliantearth.com/media/product_images/PO/BE2D2110_white_additional1.jpeg', 1, 50, 1, 2, 1),
('PROD045', 'Petitas Ring', 1690.00, 'Elegant twist design with petite diamonds.', null, 112, 43.15, 'https://image.brilliantearth.com/media/product_new_images/BA/BE2D621_white_top.jpg;https://image.brilliantearth.com/media/product_new_images/08/BE2D621_white_side1.jpg;https://image.brilliantearth.com/media/product_images/QM/BE2D621-18KW_4.jpg;https://image.brilliantearth.com/media/product_images/5M/BE2D621-18KW_2.jpg', 0, 5, 1, 4, 5),
('PROD046', 'Whisper Eternity Necklace', 2890.00, 'Delicate design with diamonds encircling the band.', null, 113, 68.30, 'https://image.brilliantearth.com/media/product_images/CB/BE4DTN50_white_top.jpg;https://image.brilliantearth.com/media/product_images/7S/BE4DTN50_top.jpeg;https://image.brilliantearth.com/media/product_images/AM/BE1D4257LC-18KW-N-S6_BE4DTN50-18KW_BE4DTN50LC-14KW_062.jpg;https://image.brilliantearth.com/media/product_images/U0/BE3AD603-S_BE4DTN50-18KW_BE4DTN50LC-14KW_070.jpg', 0, 58, 1, 5, 4),
('PROD047', 'Certified Stud Earrings', 1995.00, 'Elegant stud earrings featuring certified lab grown diamonds.', 31, 115, 79.32, 'https://image.brilliantearth.com/media/product_images/90/BE3DME01318_white_top.jpg;https://image.brilliantearth.com/media/product_images/9X/BE3DME01318_additional1.jpeg;https://image.brilliantearth.com/media/product_images/ZP/BE3DME01318-18KY_top.jpg;https://image.brilliantearth.com/media/product_images/Z5/BE3DME01318-yellow.jpg', 2, 0, 1, 6, 2),
('PROD048', 'Stud Earrings', 495.00, 'Simple and elegant lab grown diamond stud earrings.', 33, 116, 42.00, 'https://image.brilliantearth.com/media/product_images/D4/BE3D0492E_yellow_top.jpg;https://image.brilliantearth.com/media/product_images/A5/BE3D0492E_white_top.jpg;https://image.brilliantearth.com/media/product_images/0F/BE3D0492E_rose_top.jpg;https://image.brilliantearth.com/media/product_images/FJ/BE3D492E-14KR_060.jpg', 2, 0, 1, 8, 2),
		('PROD049', '1.60 Carat Pear Diamond', 1740.00, '',71, null,1000, 'https://www.aura.diamonds/skin/images/shape_pages/pear/pear.jpg', 1, 0, 1, null, 10),
		('PROD050', '0.70 Carat Pear Diamond', 1740.00, '',72, null,1000, 'https://www.aura.diamonds/skin/images/shape_pages/pear/pear.jpg', 1, 0, 1, null, 10),
		('PROD051', '0.80 Carat Princess Diamond', 1740.00, '',76, null,100, 'https://5.imimg.com/data5/XB/FF/DY/SELLER-40689674/princess-cut-diamond.png', 1, 0, 1, null, 10),
		('PROD052', '1.75 Carat Pear Diamond', 2750.00, '',29, null,1000, 'https://www.aura.diamonds/skin/images/shape_pages/pear/pear.jpg', 1, 0, 1, null, 10),
		('PROD053', '2.01 Carat Radiant Diamond', 2750.00, '',34, null,1000, 'https://encrypted-tbn0.gstatic.com/images?q=tbn:ANd9GcR9z0mgzDX9LTE8E1fvwKgUDnsqlQgw3E_KKA&s', 1, 0, 1, null, 10),
		('PROD054', '1.01 Carat Asscher Diamond', 1740.00, '',51, null,1000, 'https://encrypted-tbn0.gstatic.com/images?q=tbn:ANd9GcSjJJE5ZwOouQ2y_O268tWVwXyFGyuS1b56Rd_J8e6FFL_ISpc4K_UazWG7BOxjc-1Nj4Q&usqp=CAU', 1, 0, 1, null, 10),
		('PROD055', '0.71 Carat Heart Diamond', 1740.00, '',54, null,1000, 'https://5.imimg.com/data5/SELLER/Default/2023/8/339075647/WJ/OT/ID/186090656/heart.jpg', 1, 0, 1, null, 10),
		('PROD056', '1.03 Carat Round Diamond', 3000.00, '',1, null,1000, 'https://5.imimg.com/data5/SELLER/Default/2023/7/330396106/AV/OQ/YY/2470489/brilliant-cut-real-white-round-diamond.jpg', 1, 0, 1, null, 10),
		('PROD057', '1.00 Carat Round Diamond', 3000.00, '',2, null,1000, 'https://5.imimg.com/data5/SELLER/Default/2023/7/330396106/AV/OQ/YY/2470489/brilliant-cut-real-white-round-diamond.jpg', 1, 0, 1, null, 10);
		DECLARE @Weight DECIMAL(18, 2) = 50.00;
		DECLARE @AmountAvailable INT = 100;

INSERT INTO SHELL (ProductID, ShellMaterialID, Weight, Size, AmountAvailable, Status) VALUES (1, 1, 50, 9.00, 100, 1);
INSERT INTO SHELL (ProductID, ShellMaterialID, Weight, Size, AmountAvailable, Status) VALUES (1, 1, 50, 10.00, 100, 1);
INSERT INTO SHELL (ProductID, ShellMaterialID, Weight, Size, AmountAvailable, Status) VALUES (1, 1, 50, 11.00, 100, 1);
INSERT INTO SHELL (ProductID, ShellMaterialID, Weight, Size, AmountAvailable, Status) VALUES (1, 2, 50, 9.00, 100, 1);
INSERT INTO SHELL (ProductID, ShellMaterialID, Weight, Size, AmountAvailable, Status) VALUES (1, 2, 50, 10.00, 100, 1);
INSERT INTO SHELL (ProductID, ShellMaterialID, Weight, Size, AmountAvailable, Status) VALUES (1, 2, 50, 11.00, 100, 1);
INSERT INTO SHELL (ProductID, ShellMaterialID, Weight, Size, AmountAvailable, Status) VALUES (1, 3, 50, 9.00, 100, 1);
INSERT INTO SHELL (ProductID, ShellMaterialID, Weight, Size, AmountAvailable, Status) VALUES (1, 3, 50, 10.00, 100, 1);
INSERT INTO SHELL (ProductID, ShellMaterialID, Weight, Size, AmountAvailable, Status) VALUES (1, 3, 50, 11.00, 100, 1);
INSERT INTO SHELL (ProductID, ShellMaterialID, Weight, Size, AmountAvailable, Status) VALUES (1, 4, 50, 9.00, 100, 1);
INSERT INTO SHELL (ProductID, ShellMaterialID, Weight, Size, AmountAvailable, Status) VALUES (1, 4, 50, 10.00, 100, 1);
INSERT INTO SHELL (ProductID, ShellMaterialID, Weight, Size, AmountAvailable, Status) VALUES (1, 4, 50, 11.00, 100, 1);
INSERT INTO SHELL (ProductID, ShellMaterialID, Weight, Size, AmountAvailable, Status) VALUES (2, 1, 50, 9.00, 100, 1);
INSERT INTO SHELL (ProductID, ShellMaterialID, Weight, Size, AmountAvailable, Status) VALUES (2, 1, 50, 10.00, 100, 1);
INSERT INTO SHELL (ProductID, ShellMaterialID, Weight, Size, AmountAvailable, Status) VALUES (2, 1, 50, 11.00, 100, 1);
INSERT INTO SHELL (ProductID, ShellMaterialID, Weight, Size, AmountAvailable, Status) VALUES (2, 2, 50, 9.00, 100, 1);
INSERT INTO SHELL (ProductID, ShellMaterialID, Weight, Size, AmountAvailable, Status) VALUES (2, 2, 50, 10.00, 100, 1);
INSERT INTO SHELL (ProductID, ShellMaterialID, Weight, Size, AmountAvailable, Status) VALUES (2, 2, 50, 11.00, 100, 1);
INSERT INTO SHELL (ProductID, ShellMaterialID, Weight, Size, AmountAvailable, Status) VALUES (2, 3, 50, 9.00, 100, 1);
INSERT INTO SHELL (ProductID, ShellMaterialID, Weight, Size, AmountAvailable, Status) VALUES (2, 3, 50, 10.00, 100, 1);
INSERT INTO SHELL (ProductID, ShellMaterialID, Weight, Size, AmountAvailable, Status) VALUES (2, 3, 50, 11.00, 100, 1);
INSERT INTO SHELL (ProductID, ShellMaterialID, Weight, Size, AmountAvailable, Status) VALUES (2, 4, 50, 9.00, 100, 1);
INSERT INTO SHELL (ProductID, ShellMaterialID, Weight, Size, AmountAvailable, Status) VALUES (2, 4, 50, 10.00, 100, 1);
INSERT INTO SHELL (ProductID, ShellMaterialID, Weight, Size, AmountAvailable, Status) VALUES (2, 4, 50, 11.00, 100, 1);
INSERT INTO SHELL (ProductID, ShellMaterialID, Weight, Size, AmountAvailable, Status) VALUES (3, 1, 50, 9.00, 100, 1);
INSERT INTO SHELL (ProductID, ShellMaterialID, Weight, Size, AmountAvailable, Status) VALUES (3, 1, 50, 10.00, 100, 1);
INSERT INTO SHELL (ProductID, ShellMaterialID, Weight, Size, AmountAvailable, Status) VALUES (3, 1, 50, 11.00, 100, 1);
INSERT INTO SHELL (ProductID, ShellMaterialID, Weight, Size, AmountAvailable, Status) VALUES (3, 2, 50, 9.00, 100, 1);
INSERT INTO SHELL (ProductID, ShellMaterialID, Weight, Size, AmountAvailable, Status) VALUES (3, 2, 50, 10.00, 100, 1);
INSERT INTO SHELL (ProductID, ShellMaterialID, Weight, Size, AmountAvailable, Status) VALUES (3, 2, 50, 11.00, 100, 1);
INSERT INTO SHELL (ProductID, ShellMaterialID, Weight, Size, AmountAvailable, Status) VALUES (3, 3, 50, 9.00, 100, 1);
INSERT INTO SHELL (ProductID, ShellMaterialID, Weight, Size, AmountAvailable, Status) VALUES (3, 3, 50, 10.00, 100, 1);
INSERT INTO SHELL (ProductID, ShellMaterialID, Weight, Size, AmountAvailable, Status) VALUES (3, 3, 50, 11.00, 100, 1);
INSERT INTO SHELL (ProductID, ShellMaterialID, Weight, Size, AmountAvailable, Status) VALUES (3, 4, 50, 9.00, 100, 1);
INSERT INTO SHELL (ProductID, ShellMaterialID, Weight, Size, AmountAvailable, Status) VALUES (3, 4, 50, 10.00, 100, 1);
INSERT INTO SHELL (ProductID, ShellMaterialID, Weight, Size, AmountAvailable, Status) VALUES (3, 4, 50, 11.00, 100, 1);
INSERT INTO SHELL (ProductID, ShellMaterialID, Weight, Size, AmountAvailable, Status) VALUES (4, 1, 50, 9.00, 100, 1);
INSERT INTO SHELL (ProductID, ShellMaterialID, Weight, Size, AmountAvailable, Status) VALUES (4, 1, 50, 10.00, 100, 1);
INSERT INTO SHELL (ProductID, ShellMaterialID, Weight, Size, AmountAvailable, Status) VALUES (4, 1, 50, 11.00, 100, 1);
INSERT INTO SHELL (ProductID, ShellMaterialID, Weight, Size, AmountAvailable, Status) VALUES (4, 2, 50, 9.00, 100, 1);
INSERT INTO SHELL (ProductID, ShellMaterialID, Weight, Size, AmountAvailable, Status) VALUES (4, 2, 50, 10.00, 100, 1);
INSERT INTO SHELL (ProductID, ShellMaterialID, Weight, Size, AmountAvailable, Status) VALUES (4, 2, 50, 11.00, 100, 1);
INSERT INTO SHELL (ProductID, ShellMaterialID, Weight, Size, AmountAvailable, Status) VALUES (4, 3, 50, 9.00, 100, 1);
INSERT INTO SHELL (ProductID, ShellMaterialID, Weight, Size, AmountAvailable, Status) VALUES (4, 3, 50, 10.00, 100, 1);
INSERT INTO SHELL (ProductID, ShellMaterialID, Weight, Size, AmountAvailable, Status) VALUES (4, 3, 50, 11.00, 100, 1);
INSERT INTO SHELL (ProductID, ShellMaterialID, Weight, Size, AmountAvailable, Status) VALUES (4, 4, 50, 9.00, 100, 1);
INSERT INTO SHELL (ProductID, ShellMaterialID, Weight, Size, AmountAvailable, Status) VALUES (4, 4, 50, 10.00, 100, 1);
INSERT INTO SHELL (ProductID, ShellMaterialID, Weight, Size, AmountAvailable, Status) VALUES (4, 4, 50, 11.00, 100, 1);
INSERT INTO SHELL (ProductID, ShellMaterialID, Weight, Size, AmountAvailable, Status) VALUES (5, 1, 50, 9.00, 100, 1);
INSERT INTO SHELL (ProductID, ShellMaterialID, Weight, Size, AmountAvailable, Status) VALUES (5, 1, 50, 10.00, 100, 1);
INSERT INTO SHELL (ProductID, ShellMaterialID, Weight, Size, AmountAvailable, Status) VALUES (5, 1, 50, 11.00, 100, 1);
INSERT INTO SHELL (ProductID, ShellMaterialID, Weight, Size, AmountAvailable, Status) VALUES (5, 2, 50, 9.00, 100, 1);
INSERT INTO SHELL (ProductID, ShellMaterialID, Weight, Size, AmountAvailable, Status) VALUES (5, 2, 50, 10.00, 100, 1);
INSERT INTO SHELL (ProductID, ShellMaterialID, Weight, Size, AmountAvailable, Status) VALUES (5, 2, 50, 11.00, 100, 1);
INSERT INTO SHELL (ProductID, ShellMaterialID, Weight, Size, AmountAvailable, Status) VALUES (5, 3, 50, 9.00, 100, 1);
INSERT INTO SHELL (ProductID, ShellMaterialID, Weight, Size, AmountAvailable, Status) VALUES (5, 3, 50, 10.00, 100, 1);
INSERT INTO SHELL (ProductID, ShellMaterialID, Weight, Size, AmountAvailable, Status) VALUES (5, 3, 50, 11.00, 100, 1);
INSERT INTO SHELL (ProductID, ShellMaterialID, Weight, Size, AmountAvailable, Status) VALUES (5, 4, 50, 9.00, 100, 1);
INSERT INTO SHELL (ProductID, ShellMaterialID, Weight, Size, AmountAvailable, Status) VALUES (5, 4, 50, 10.00, 100, 1);
INSERT INTO SHELL (ProductID, ShellMaterialID, Weight, Size, AmountAvailable, Status) VALUES (5, 4, 50, 11.00, 100, 1);
INSERT INTO SHELL (ProductID, ShellMaterialID, Weight, Size, AmountAvailable, Status) VALUES (6, 1, 50, 9.00, 100, 1);
INSERT INTO SHELL (ProductID, ShellMaterialID, Weight, Size, AmountAvailable, Status) VALUES (6, 1, 50, 10.00, 100, 1);
INSERT INTO SHELL (ProductID, ShellMaterialID, Weight, Size, AmountAvailable, Status) VALUES (6, 1, 50, 11.00, 100, 1);
INSERT INTO SHELL (ProductID, ShellMaterialID, Weight, Size, AmountAvailable, Status) VALUES (6, 2, 50, 9.00, 100, 1);
INSERT INTO SHELL (ProductID, ShellMaterialID, Weight, Size, AmountAvailable, Status) VALUES (6, 2, 50, 10.00, 100, 1);
INSERT INTO SHELL (ProductID, ShellMaterialID, Weight, Size, AmountAvailable, Status) VALUES (6, 2, 50, 11.00, 100, 1);
INSERT INTO SHELL (ProductID, ShellMaterialID, Weight, Size, AmountAvailable, Status) VALUES (6, 3, 50, 9.00, 100, 1);
INSERT INTO SHELL (ProductID, ShellMaterialID, Weight, Size, AmountAvailable, Status) VALUES (6, 3, 50, 10.00, 100, 1);
INSERT INTO SHELL (ProductID, ShellMaterialID, Weight, Size, AmountAvailable, Status) VALUES (6, 3, 50, 11.00, 100, 1);
INSERT INTO SHELL (ProductID, ShellMaterialID, Weight, Size, AmountAvailable, Status) VALUES (6, 4, 50, 9.00, 100, 1);
INSERT INTO SHELL (ProductID, ShellMaterialID, Weight, Size, AmountAvailable, Status) VALUES (6, 4, 50, 10.00, 100, 1);
INSERT INTO SHELL (ProductID, ShellMaterialID, Weight, Size, AmountAvailable, Status) VALUES (6, 4, 50, 11.00, 100, 1);
INSERT INTO SHELL (ProductID, ShellMaterialID, Weight, Size, AmountAvailable, Status) VALUES (7, 1, 50, 9.00, 100, 1);
INSERT INTO SHELL (ProductID, ShellMaterialID, Weight, Size, AmountAvailable, Status) VALUES (7, 1, 50, 10.00, 100, 1);
INSERT INTO SHELL (ProductID, ShellMaterialID, Weight, Size, AmountAvailable, Status) VALUES (7, 1, 50, 11.00, 100, 1);
INSERT INTO SHELL (ProductID, ShellMaterialID, Weight, Size, AmountAvailable, Status) VALUES (7, 2, 50, 9.00, 100, 1);
INSERT INTO SHELL (ProductID, ShellMaterialID, Weight, Size, AmountAvailable, Status) VALUES (7, 2, 50, 10.00, 100, 1);
INSERT INTO SHELL (ProductID, ShellMaterialID, Weight, Size, AmountAvailable, Status) VALUES (7, 2, 50, 11.00, 100, 1);
INSERT INTO SHELL (ProductID, ShellMaterialID, Weight, Size, AmountAvailable, Status) VALUES (7, 3, 50, 9.00, 100, 1);
INSERT INTO SHELL (ProductID, ShellMaterialID, Weight, Size, AmountAvailable, Status) VALUES (7, 3, 50, 10.00, 100, 1);
INSERT INTO SHELL (ProductID, ShellMaterialID, Weight, Size, AmountAvailable, Status) VALUES (7, 3, 50, 11.00, 100, 1);
INSERT INTO SHELL (ProductID, ShellMaterialID, Weight, Size, AmountAvailable, Status) VALUES (7, 4, 50, 9.00, 100, 1);
INSERT INTO SHELL (ProductID, ShellMaterialID, Weight, Size, AmountAvailable, Status) VALUES (7, 4, 50, 10.00, 100, 1);
INSERT INTO SHELL (ProductID, ShellMaterialID, Weight, Size, AmountAvailable, Status) VALUES (7, 4, 50, 11.00, 100, 1);
INSERT INTO SHELL (ProductID, ShellMaterialID, Weight, Size, AmountAvailable, Status) VALUES (8, 1, 50, 9.00, 100, 1);
INSERT INTO SHELL (ProductID, ShellMaterialID, Weight, Size, AmountAvailable, Status) VALUES (8, 1, 50, 10.00, 100, 1);
INSERT INTO SHELL (ProductID, ShellMaterialID, Weight, Size, AmountAvailable, Status) VALUES (8, 1, 50, 11.00, 100, 1);
INSERT INTO SHELL (ProductID, ShellMaterialID, Weight, Size, AmountAvailable, Status) VALUES (8, 2, 50, 9.00, 100, 1);
INSERT INTO SHELL (ProductID, ShellMaterialID, Weight, Size, AmountAvailable, Status) VALUES (8, 2, 50, 10.00, 100, 1);
INSERT INTO SHELL (ProductID, ShellMaterialID, Weight, Size, AmountAvailable, Status) VALUES (8, 2, 50, 11.00, 100, 1);
INSERT INTO SHELL (ProductID, ShellMaterialID, Weight, Size, AmountAvailable, Status) VALUES (8, 3, 50, 9.00, 100, 1);
INSERT INTO SHELL (ProductID, ShellMaterialID, Weight, Size, AmountAvailable, Status) VALUES (8, 3, 50, 10.00, 100, 1);
INSERT INTO SHELL (ProductID, ShellMaterialID, Weight, Size, AmountAvailable, Status) VALUES (8, 3, 50, 11.00, 100, 1);
INSERT INTO SHELL (ProductID, ShellMaterialID, Weight, Size, AmountAvailable, Status) VALUES (8, 4, 50, 9.00, 100, 1);
INSERT INTO SHELL (ProductID, ShellMaterialID, Weight, Size, AmountAvailable, Status) VALUES (8, 4, 50, 10.00, 100, 1);
INSERT INTO SHELL (ProductID, ShellMaterialID, Weight, Size, AmountAvailable, Status) VALUES (8, 4, 50, 11.00, 100, 1);
INSERT INTO SHELL (ProductID, ShellMaterialID, Weight, Size, AmountAvailable, Status) VALUES (9, 1, 50, 9.00, 100, 1);
INSERT INTO SHELL (ProductID, ShellMaterialID, Weight, Size, AmountAvailable, Status) VALUES (9, 1, 50, 10.00, 100, 1);
INSERT INTO SHELL (ProductID, ShellMaterialID, Weight, Size, AmountAvailable, Status) VALUES (9, 1, 50, 11.00, 100, 1);
INSERT INTO SHELL (ProductID, ShellMaterialID, Weight, Size, AmountAvailable, Status) VALUES (9, 2, 50, 9.00, 100, 1);
INSERT INTO SHELL (ProductID, ShellMaterialID, Weight, Size, AmountAvailable, Status) VALUES (9, 2, 50, 10.00, 100, 1);
INSERT INTO SHELL (ProductID, ShellMaterialID, Weight, Size, AmountAvailable, Status) VALUES (9, 2, 50, 11.00, 100, 1);
INSERT INTO SHELL (ProductID, ShellMaterialID, Weight, Size, AmountAvailable, Status) VALUES (9, 3, 50, 9.00, 100, 1);
INSERT INTO SHELL (ProductID, ShellMaterialID, Weight, Size, AmountAvailable, Status) VALUES (9, 3, 50, 10.00, 100, 1);
INSERT INTO SHELL (ProductID, ShellMaterialID, Weight, Size, AmountAvailable, Status) VALUES (9, 3, 50, 11.00, 100, 1);
INSERT INTO SHELL (ProductID, ShellMaterialID, Weight, Size, AmountAvailable, Status) VALUES (9, 4, 50, 9.00, 100, 1);
INSERT INTO SHELL (ProductID, ShellMaterialID, Weight, Size, AmountAvailable, Status) VALUES (9, 4, 50, 10.00, 100, 1);
INSERT INTO SHELL (ProductID, ShellMaterialID, Weight, Size, AmountAvailable, Status) VALUES (9, 4, 50, 11.00, 100, 1);
INSERT INTO SHELL (ProductID, ShellMaterialID, Weight, Size, AmountAvailable, Status) VALUES (10, 1, 50, 9.00, 100, 1);
INSERT INTO SHELL (ProductID, ShellMaterialID, Weight, Size, AmountAvailable, Status) VALUES (10, 1, 50, 10.00, 100, 1);
INSERT INTO SHELL (ProductID, ShellMaterialID, Weight, Size, AmountAvailable, Status) VALUES (10, 1, 50, 11.00, 100, 1);
INSERT INTO SHELL (ProductID, ShellMaterialID, Weight, Size, AmountAvailable, Status) VALUES (10, 2, 50, 9.00, 100, 1);
INSERT INTO SHELL (ProductID, ShellMaterialID, Weight, Size, AmountAvailable, Status) VALUES (10, 2, 50, 10.00, 100, 1);
INSERT INTO SHELL (ProductID, ShellMaterialID, Weight, Size, AmountAvailable, Status) VALUES (10, 2, 50, 11.00, 100, 1);
INSERT INTO SHELL (ProductID, ShellMaterialID, Weight, Size, AmountAvailable, Status) VALUES (10, 3, 50, 9.00, 100, 1);
INSERT INTO SHELL (ProductID, ShellMaterialID, Weight, Size, AmountAvailable, Status) VALUES (10, 3, 50, 10.00, 100, 1);
INSERT INTO SHELL (ProductID, ShellMaterialID, Weight, Size, AmountAvailable, Status) VALUES (10, 3, 50, 11.00, 100, 1);
INSERT INTO SHELL (ProductID, ShellMaterialID, Weight, Size, AmountAvailable, Status) VALUES (10, 4, 50, 9.00, 100, 1);
INSERT INTO SHELL (ProductID, ShellMaterialID, Weight, Size, AmountAvailable, Status) VALUES (10, 4, 50, 10.00, 100, 1);
INSERT INTO SHELL (ProductID, ShellMaterialID, Weight, Size, AmountAvailable, Status) VALUES (10, 4, 50, 11.00, 100, 1);
INSERT INTO SHELL (ProductID, ShellMaterialID, Weight, Size, AmountAvailable, Status) VALUES (11, 1, 50, 9.00, 100, 1);
INSERT INTO SHELL (ProductID, ShellMaterialID, Weight, Size, AmountAvailable, Status) VALUES (11, 1, 50, 10.00, 100, 1);
INSERT INTO SHELL (ProductID, ShellMaterialID, Weight, Size, AmountAvailable, Status) VALUES (11, 1, 50, 11.00, 100, 1);
INSERT INTO SHELL (ProductID, ShellMaterialID, Weight, Size, AmountAvailable, Status) VALUES (11, 2, 50, 9.00, 100, 1);
INSERT INTO SHELL (ProductID, ShellMaterialID, Weight, Size, AmountAvailable, Status) VALUES (11, 2, 50, 10.00, 100, 1);
INSERT INTO SHELL (ProductID, ShellMaterialID, Weight, Size, AmountAvailable, Status) VALUES (11, 2, 50, 11.00, 100, 1);
INSERT INTO SHELL (ProductID, ShellMaterialID, Weight, Size, AmountAvailable, Status) VALUES (11, 3, 50, 9.00, 100, 1);
INSERT INTO SHELL (ProductID, ShellMaterialID, Weight, Size, AmountAvailable, Status) VALUES (11, 3, 50, 10.00, 100, 1);
INSERT INTO SHELL (ProductID, ShellMaterialID, Weight, Size, AmountAvailable, Status) VALUES (11, 3, 50, 11.00, 100, 1);
INSERT INTO SHELL (ProductID, ShellMaterialID, Weight, Size, AmountAvailable, Status) VALUES (11, 4, 50, 9.00, 100, 1);
INSERT INTO SHELL (ProductID, ShellMaterialID, Weight, Size, AmountAvailable, Status) VALUES (11, 4, 50, 10.00, 100, 1);
INSERT INTO SHELL (ProductID, ShellMaterialID, Weight, Size, AmountAvailable, Status) VALUES (11, 4, 50, 11.00, 100, 1);
INSERT INTO SHELL (ProductID, ShellMaterialID, Weight, Size, AmountAvailable, Status) VALUES (12, 1, 50, 9.00, 100, 1);
INSERT INTO SHELL (ProductID, ShellMaterialID, Weight, Size, AmountAvailable, Status) VALUES (12, 1, 50, 10.00, 100, 1);
INSERT INTO SHELL (ProductID, ShellMaterialID, Weight, Size, AmountAvailable, Status) VALUES (12, 1, 50, 11.00, 100, 1);
INSERT INTO SHELL (ProductID, ShellMaterialID, Weight, Size, AmountAvailable, Status) VALUES (12, 2, 50, 9.00, 100, 1);
INSERT INTO SHELL (ProductID, ShellMaterialID, Weight, Size, AmountAvailable, Status) VALUES (12, 2, 50, 10.00, 100, 1);
INSERT INTO SHELL (ProductID, ShellMaterialID, Weight, Size, AmountAvailable, Status) VALUES (12, 2, 50, 11.00, 100, 1);
INSERT INTO SHELL (ProductID, ShellMaterialID, Weight, Size, AmountAvailable, Status) VALUES (12, 3, 50, 9.00, 100, 1);
INSERT INTO SHELL (ProductID, ShellMaterialID, Weight, Size, AmountAvailable, Status) VALUES (12, 3, 50, 10.00, 100, 1);
INSERT INTO SHELL (ProductID, ShellMaterialID, Weight, Size, AmountAvailable, Status) VALUES (12, 3, 50, 11.00, 100, 1);
INSERT INTO SHELL (ProductID, ShellMaterialID, Weight, Size, AmountAvailable, Status) VALUES (12, 4, 50, 9.00, 100, 1);
INSERT INTO SHELL (ProductID, ShellMaterialID, Weight, Size, AmountAvailable, Status) VALUES (12, 4, 50, 10.00, 100, 1);
INSERT INTO SHELL (ProductID, ShellMaterialID, Weight, Size, AmountAvailable, Status) VALUES (12, 4, 50, 11.00, 100, 1);
INSERT INTO SHELL (ProductID, ShellMaterialID, Weight, Size, AmountAvailable, Status) VALUES (13, 1, 50, 9.00, 100, 1);
INSERT INTO SHELL (ProductID, ShellMaterialID, Weight, Size, AmountAvailable, Status) VALUES (13, 1, 50, 10.00, 100, 1);
INSERT INTO SHELL (ProductID, ShellMaterialID, Weight, Size, AmountAvailable, Status) VALUES (13, 1, 50, 11.00, 100, 1);
INSERT INTO SHELL (ProductID, ShellMaterialID, Weight, Size, AmountAvailable, Status) VALUES (13, 2, 50, 9.00, 100, 1);
INSERT INTO SHELL (ProductID, ShellMaterialID, Weight, Size, AmountAvailable, Status) VALUES (13, 2, 50, 10.00, 100, 1);
INSERT INTO SHELL (ProductID, ShellMaterialID, Weight, Size, AmountAvailable, Status) VALUES (13, 2, 50, 11.00, 100, 1);
INSERT INTO SHELL (ProductID, ShellMaterialID, Weight, Size, AmountAvailable, Status) VALUES (13, 3, 50, 9.00, 100, 1);
INSERT INTO SHELL (ProductID, ShellMaterialID, Weight, Size, AmountAvailable, Status) VALUES (13, 3, 50, 10.00, 100, 1);
INSERT INTO SHELL (ProductID, ShellMaterialID, Weight, Size, AmountAvailable, Status) VALUES (13, 3, 50, 11.00, 100, 1);
INSERT INTO SHELL (ProductID, ShellMaterialID, Weight, Size, AmountAvailable, Status) VALUES (13, 4, 50, 9.00, 100, 1);
INSERT INTO SHELL (ProductID, ShellMaterialID, Weight, Size, AmountAvailable, Status) VALUES (13, 4, 50, 10.00, 100, 1);
INSERT INTO SHELL (ProductID, ShellMaterialID, Weight, Size, AmountAvailable, Status) VALUES (13, 4, 50, 11.00, 100, 1);
INSERT INTO SHELL (ProductID, ShellMaterialID, Weight, Size, AmountAvailable, Status) VALUES (14, 1, 50, 9.00, 100, 1);
INSERT INTO SHELL (ProductID, ShellMaterialID, Weight, Size, AmountAvailable, Status) VALUES (14, 1, 50, 10.00, 100, 1);
INSERT INTO SHELL (ProductID, ShellMaterialID, Weight, Size, AmountAvailable, Status) VALUES (14, 1, 50, 11.00, 100, 1);
INSERT INTO SHELL (ProductID, ShellMaterialID, Weight, Size, AmountAvailable, Status) VALUES (14, 2, 50, 9.00, 100, 1);
INSERT INTO SHELL (ProductID, ShellMaterialID, Weight, Size, AmountAvailable, Status) VALUES (14, 2, 50, 10.00, 100, 1);
INSERT INTO SHELL (ProductID, ShellMaterialID, Weight, Size, AmountAvailable, Status) VALUES (14, 2, 50, 11.00, 100, 1);
INSERT INTO SHELL (ProductID, ShellMaterialID, Weight, Size, AmountAvailable, Status) VALUES (14, 3, 50, 9.00, 100, 1);
INSERT INTO SHELL (ProductID, ShellMaterialID, Weight, Size, AmountAvailable, Status) VALUES (14, 3, 50, 10.00, 100, 1);
INSERT INTO SHELL (ProductID, ShellMaterialID, Weight, Size, AmountAvailable, Status) VALUES (14, 3, 50, 11.00, 100, 1);
INSERT INTO SHELL (ProductID, ShellMaterialID, Weight, Size, AmountAvailable, Status) VALUES (14, 4, 50, 9.00, 100, 1);
INSERT INTO SHELL (ProductID, ShellMaterialID, Weight, Size, AmountAvailable, Status) VALUES (14, 4, 50, 10.00, 100, 1);
INSERT INTO SHELL (ProductID, ShellMaterialID, Weight, Size, AmountAvailable, Status) VALUES (14, 4, 50, 11.00, 100, 1);
INSERT INTO SHELL (ProductID, ShellMaterialID, Weight, Size, AmountAvailable, Status) VALUES (15, 1, 50, 9.00, 100, 1);
INSERT INTO SHELL (ProductID, ShellMaterialID, Weight, Size, AmountAvailable, Status) VALUES (15, 1, 50, 10.00, 100, 1);
INSERT INTO SHELL (ProductID, ShellMaterialID, Weight, Size, AmountAvailable, Status) VALUES (15, 1, 50, 11.00, 100, 1);
INSERT INTO SHELL (ProductID, ShellMaterialID, Weight, Size, AmountAvailable, Status) VALUES (15, 2, 50, 9.00, 100, 1);
INSERT INTO SHELL (ProductID, ShellMaterialID, Weight, Size, AmountAvailable, Status) VALUES (15, 2, 50, 10.00, 100, 1);
INSERT INTO SHELL (ProductID, ShellMaterialID, Weight, Size, AmountAvailable, Status) VALUES (15, 2, 50, 11.00, 100, 1);
INSERT INTO SHELL (ProductID, ShellMaterialID, Weight, Size, AmountAvailable, Status) VALUES (15, 3, 50, 9.00, 100, 1);
INSERT INTO SHELL (ProductID, ShellMaterialID, Weight, Size, AmountAvailable, Status) VALUES (15, 3, 50, 10.00, 100, 1);
INSERT INTO SHELL (ProductID, ShellMaterialID, Weight, Size, AmountAvailable, Status) VALUES (15, 3, 50, 11.00, 100, 1);
INSERT INTO SHELL (ProductID, ShellMaterialID, Weight, Size, AmountAvailable, Status) VALUES (15, 4, 50, 9.00, 100, 1);
INSERT INTO SHELL (ProductID, ShellMaterialID, Weight, Size, AmountAvailable, Status) VALUES (15, 4, 50, 10.00, 100, 1);
INSERT INTO SHELL (ProductID, ShellMaterialID, Weight, Size, AmountAvailable, Status) VALUES (15, 4, 50, 11.00, 100, 1);
INSERT INTO SHELL (ProductID, ShellMaterialID, Weight, Size, AmountAvailable, Status) VALUES (16, 1, 50, 9.00, 100, 1);
INSERT INTO SHELL (ProductID, ShellMaterialID, Weight, Size, AmountAvailable, Status) VALUES (16, 1, 50, 10.00, 100, 1);
INSERT INTO SHELL (ProductID, ShellMaterialID, Weight, Size, AmountAvailable, Status) VALUES (16, 1, 50, 11.00, 100, 1);
INSERT INTO SHELL (ProductID, ShellMaterialID, Weight, Size, AmountAvailable, Status) VALUES (16, 2, 50, 9.00, 100, 1);
INSERT INTO SHELL (ProductID, ShellMaterialID, Weight, Size, AmountAvailable, Status) VALUES (16, 2, 50, 10.00, 100, 1);
INSERT INTO SHELL (ProductID, ShellMaterialID, Weight, Size, AmountAvailable, Status) VALUES (16, 2, 50, 11.00, 100, 1);
INSERT INTO SHELL (ProductID, ShellMaterialID, Weight, Size, AmountAvailable, Status) VALUES (16, 3, 50, 9.00, 100, 1);
INSERT INTO SHELL (ProductID, ShellMaterialID, Weight, Size, AmountAvailable, Status) VALUES (16, 3, 50, 10.00, 100, 1);
INSERT INTO SHELL (ProductID, ShellMaterialID, Weight, Size, AmountAvailable, Status) VALUES (16, 3, 50, 11.00, 100, 1);
INSERT INTO SHELL (ProductID, ShellMaterialID, Weight, Size, AmountAvailable, Status) VALUES (16, 4, 50, 9.00, 100, 1);
INSERT INTO SHELL (ProductID, ShellMaterialID, Weight, Size, AmountAvailable, Status) VALUES (16, 4, 50, 10.00, 100, 1);
INSERT INTO SHELL (ProductID, ShellMaterialID, Weight, Size, AmountAvailable, Status) VALUES (16, 4, 50, 11.00, 100, 1);
INSERT INTO SHELL (ProductID, ShellMaterialID, Weight, Size, AmountAvailable, Status) VALUES (17, 1, 50, 9.00, 100, 1);
INSERT INTO SHELL (ProductID, ShellMaterialID, Weight, Size, AmountAvailable, Status) VALUES (17, 1, 50, 10.00, 100, 1);
INSERT INTO SHELL (ProductID, ShellMaterialID, Weight, Size, AmountAvailable, Status) VALUES (17, 1, 50, 11.00, 100, 1);
INSERT INTO SHELL (ProductID, ShellMaterialID, Weight, Size, AmountAvailable, Status) VALUES (17, 2, 50, 9.00, 100, 1);
INSERT INTO SHELL (ProductID, ShellMaterialID, Weight, Size, AmountAvailable, Status) VALUES (17, 2, 50, 10.00, 100, 1);
INSERT INTO SHELL (ProductID, ShellMaterialID, Weight, Size, AmountAvailable, Status) VALUES (17, 2, 50, 11.00, 100, 1);
INSERT INTO SHELL (ProductID, ShellMaterialID, Weight, Size, AmountAvailable, Status) VALUES (17, 3, 50, 9.00, 100, 1);
INSERT INTO SHELL (ProductID, ShellMaterialID, Weight, Size, AmountAvailable, Status) VALUES (17, 3, 50, 10.00, 100, 1);
INSERT INTO SHELL (ProductID, ShellMaterialID, Weight, Size, AmountAvailable, Status) VALUES (17, 3, 50, 11.00, 100, 1);
INSERT INTO SHELL (ProductID, ShellMaterialID, Weight, Size, AmountAvailable, Status) VALUES (17, 4, 50, 9.00, 100, 1);
INSERT INTO SHELL (ProductID, ShellMaterialID, Weight, Size, AmountAvailable, Status) VALUES (17, 4, 50, 10.00, 100, 1);
INSERT INTO SHELL (ProductID, ShellMaterialID, Weight, Size, AmountAvailable, Status) VALUES (17, 4, 50, 11.00, 100, 1);
INSERT INTO SHELL (ProductID, ShellMaterialID, Weight, Size, AmountAvailable, Status) VALUES (18, 1, 50, 9.00, 100, 1);
INSERT INTO SHELL (ProductID, ShellMaterialID, Weight, Size, AmountAvailable, Status) VALUES (18, 1, 50, 10.00, 100, 1);
INSERT INTO SHELL (ProductID, ShellMaterialID, Weight, Size, AmountAvailable, Status) VALUES (18, 1, 50, 11.00, 100, 1);
INSERT INTO SHELL (ProductID, ShellMaterialID, Weight, Size, AmountAvailable, Status) VALUES (18, 2, 50, 9.00, 100, 1);
INSERT INTO SHELL (ProductID, ShellMaterialID, Weight, Size, AmountAvailable, Status) VALUES (18, 2, 50, 10.00, 100, 1);
INSERT INTO SHELL (ProductID, ShellMaterialID, Weight, Size, AmountAvailable, Status) VALUES (18, 2, 50, 11.00, 100, 1);
INSERT INTO SHELL (ProductID, ShellMaterialID, Weight, Size, AmountAvailable, Status) VALUES (18, 3, 50, 9.00, 100, 1);
INSERT INTO SHELL (ProductID, ShellMaterialID, Weight, Size, AmountAvailable, Status) VALUES (18, 3, 50, 10.00, 100, 1);
INSERT INTO SHELL (ProductID, ShellMaterialID, Weight, Size, AmountAvailable, Status) VALUES (18, 3, 50, 11.00, 100, 1);
INSERT INTO SHELL (ProductID, ShellMaterialID, Weight, Size, AmountAvailable, Status) VALUES (18, 4, 50, 9.00, 100, 1);
INSERT INTO SHELL (ProductID, ShellMaterialID, Weight, Size, AmountAvailable, Status) VALUES (18, 4, 50, 10.00, 100, 1);
INSERT INTO SHELL (ProductID, ShellMaterialID, Weight, Size, AmountAvailable, Status) VALUES (18, 4, 50, 11.00, 100, 1);
INSERT INTO SHELL (ProductID, ShellMaterialID, Weight, Size, AmountAvailable, Status) VALUES (19, 1, 50, 9.00, 100, 1);
INSERT INTO SHELL (ProductID, ShellMaterialID, Weight, Size, AmountAvailable, Status) VALUES (19, 1, 50, 10.00, 100, 1);
INSERT INTO SHELL (ProductID, ShellMaterialID, Weight, Size, AmountAvailable, Status) VALUES (19, 1, 50, 11.00, 100, 1);
INSERT INTO SHELL (ProductID, ShellMaterialID, Weight, Size, AmountAvailable, Status) VALUES (19, 2, 50, 9.00, 100, 1);
INSERT INTO SHELL (ProductID, ShellMaterialID, Weight, Size, AmountAvailable, Status) VALUES (19, 2, 50, 10.00, 100, 1);
INSERT INTO SHELL (ProductID, ShellMaterialID, Weight, Size, AmountAvailable, Status) VALUES (19, 2, 50, 11.00, 100, 1);
INSERT INTO SHELL (ProductID, ShellMaterialID, Weight, Size, AmountAvailable, Status) VALUES (19, 3, 50, 9.00, 100, 1);
INSERT INTO SHELL (ProductID, ShellMaterialID, Weight, Size, AmountAvailable, Status) VALUES (19, 3, 50, 10.00, 100, 1);
INSERT INTO SHELL (ProductID, ShellMaterialID, Weight, Size, AmountAvailable, Status) VALUES (19, 3, 50, 11.00, 100, 1);
INSERT INTO SHELL (ProductID, ShellMaterialID, Weight, Size, AmountAvailable, Status) VALUES (19, 4, 50, 9.00, 100, 1);
INSERT INTO SHELL (ProductID, ShellMaterialID, Weight, Size, AmountAvailable, Status) VALUES (19, 4, 50, 10.00, 100, 1);
INSERT INTO SHELL (ProductID, ShellMaterialID, Weight, Size, AmountAvailable, Status) VALUES (19, 4, 50, 11.00, 100, 1);
INSERT INTO SHELL (ProductID, ShellMaterialID, Weight, Size, AmountAvailable, Status) VALUES (20, 1, 50, 9.00, 100, 1);
INSERT INTO SHELL (ProductID, ShellMaterialID, Weight, Size, AmountAvailable, Status) VALUES (20, 1, 50, 10.00, 100, 1);
INSERT INTO SHELL (ProductID, ShellMaterialID, Weight, Size, AmountAvailable, Status) VALUES (20, 1, 50, 11.00, 100, 1);
INSERT INTO SHELL (ProductID, ShellMaterialID, Weight, Size, AmountAvailable, Status) VALUES (20, 2, 50, 9.00, 100, 1);
INSERT INTO SHELL (ProductID, ShellMaterialID, Weight, Size, AmountAvailable, Status) VALUES (20, 2, 50, 10.00, 100, 1);
INSERT INTO SHELL (ProductID, ShellMaterialID, Weight, Size, AmountAvailable, Status) VALUES (20, 2, 50, 11.00, 100, 1);
INSERT INTO SHELL (ProductID, ShellMaterialID, Weight, Size, AmountAvailable, Status) VALUES (20, 3, 50, 9.00, 100, 1);
INSERT INTO SHELL (ProductID, ShellMaterialID, Weight, Size, AmountAvailable, Status) VALUES (20, 3, 50, 10.00, 100, 1);
INSERT INTO SHELL (ProductID, ShellMaterialID, Weight, Size, AmountAvailable, Status) VALUES (20, 3, 50, 11.00, 100, 1);
INSERT INTO SHELL (ProductID, ShellMaterialID, Weight, Size, AmountAvailable, Status) VALUES (20, 4, 50, 9.00, 100, 1);
INSERT INTO SHELL (ProductID, ShellMaterialID, Weight, Size, AmountAvailable, Status) VALUES (20, 4, 50, 10.00, 100, 1);
INSERT INTO SHELL (ProductID, ShellMaterialID, Weight, Size, AmountAvailable, Status) VALUES (20, 4, 50, 11.00, 100, 1);
INSERT INTO SHELL (ProductID, ShellMaterialID, Weight, Size, AmountAvailable, Status) VALUES (21, 1, 50, 9.00, 100, 1);
INSERT INTO SHELL (ProductID, ShellMaterialID, Weight, Size, AmountAvailable, Status) VALUES (21, 1, 50, 10.00, 100, 1);
INSERT INTO SHELL (ProductID, ShellMaterialID, Weight, Size, AmountAvailable, Status) VALUES (21, 1, 50, 11.00, 100, 1);
INSERT INTO SHELL (ProductID, ShellMaterialID, Weight, Size, AmountAvailable, Status) VALUES (21, 2, 50, 9.00, 100, 1);
INSERT INTO SHELL (ProductID, ShellMaterialID, Weight, Size, AmountAvailable, Status) VALUES (21, 2, 50, 10.00, 100, 1);
INSERT INTO SHELL (ProductID, ShellMaterialID, Weight, Size, AmountAvailable, Status) VALUES (21, 2, 50, 11.00, 100, 1);
INSERT INTO SHELL (ProductID, ShellMaterialID, Weight, Size, AmountAvailable, Status) VALUES (21, 3, 50, 9.00, 100, 1);
INSERT INTO SHELL (ProductID, ShellMaterialID, Weight, Size, AmountAvailable, Status) VALUES (21, 3, 50, 10.00, 100, 1);
INSERT INTO SHELL (ProductID, ShellMaterialID, Weight, Size, AmountAvailable, Status) VALUES (21, 3, 50, 11.00, 100, 1);
INSERT INTO SHELL (ProductID, ShellMaterialID, Weight, Size, AmountAvailable, Status) VALUES (21, 4, 50, 9.00, 100, 1);
INSERT INTO SHELL (ProductID, ShellMaterialID, Weight, Size, AmountAvailable, Status) VALUES (21, 4, 50, 10.00, 100, 1);
INSERT INTO SHELL (ProductID, ShellMaterialID, Weight, Size, AmountAvailable, Status) VALUES (21, 4, 50, 11.00, 100, 1);
INSERT INTO SHELL (ProductID, ShellMaterialID, Weight, Size, AmountAvailable, Status) VALUES (22, 1, 50, 9.00, 100, 1);
INSERT INTO SHELL (ProductID, ShellMaterialID, Weight, Size, AmountAvailable, Status) VALUES (22, 1, 50, 10.00, 100, 1);
INSERT INTO SHELL (ProductID, ShellMaterialID, Weight, Size, AmountAvailable, Status) VALUES (22, 1, 50, 11.00, 100, 1);
INSERT INTO SHELL (ProductID, ShellMaterialID, Weight, Size, AmountAvailable, Status) VALUES (22, 2, 50, 9.00, 100, 1);
INSERT INTO SHELL (ProductID, ShellMaterialID, Weight, Size, AmountAvailable, Status) VALUES (22, 2, 50, 10.00, 100, 1);
INSERT INTO SHELL (ProductID, ShellMaterialID, Weight, Size, AmountAvailable, Status) VALUES (22, 2, 50, 11.00, 100, 1);
INSERT INTO SHELL (ProductID, ShellMaterialID, Weight, Size, AmountAvailable, Status) VALUES (22, 3, 50, 9.00, 100, 1);
INSERT INTO SHELL (ProductID, ShellMaterialID, Weight, Size, AmountAvailable, Status) VALUES (22, 3, 50, 10.00, 100, 1);
INSERT INTO SHELL (ProductID, ShellMaterialID, Weight, Size, AmountAvailable, Status) VALUES (22, 3, 50, 11.00, 100, 1);
INSERT INTO SHELL (ProductID, ShellMaterialID, Weight, Size, AmountAvailable, Status) VALUES (22, 4, 50, 9.00, 100, 1);
INSERT INTO SHELL (ProductID, ShellMaterialID, Weight, Size, AmountAvailable, Status) VALUES (22, 4, 50, 10.00, 100, 1);
INSERT INTO SHELL (ProductID, ShellMaterialID, Weight, Size, AmountAvailable, Status) VALUES (22, 4, 50, 11.00, 100, 1);
INSERT INTO SHELL (ProductID, ShellMaterialID, Weight, Size, AmountAvailable, Status) VALUES (23, 1, 50, 9.00, 100, 1);
INSERT INTO SHELL (ProductID, ShellMaterialID, Weight, Size, AmountAvailable, Status) VALUES (23, 1, 50, 10.00, 100, 1);
INSERT INTO SHELL (ProductID, ShellMaterialID, Weight, Size, AmountAvailable, Status) VALUES (23, 1, 50, 11.00, 100, 1);
INSERT INTO SHELL (ProductID, ShellMaterialID, Weight, Size, AmountAvailable, Status) VALUES (23, 2, 50, 9.00, 100, 1);
INSERT INTO SHELL (ProductID, ShellMaterialID, Weight, Size, AmountAvailable, Status) VALUES (23, 2, 50, 10.00, 100, 1);
INSERT INTO SHELL (ProductID, ShellMaterialID, Weight, Size, AmountAvailable, Status) VALUES (23, 2, 50, 11.00, 100, 1);
INSERT INTO SHELL (ProductID, ShellMaterialID, Weight, Size, AmountAvailable, Status) VALUES (23, 3, 50, 9.00, 100, 1);
INSERT INTO SHELL (ProductID, ShellMaterialID, Weight, Size, AmountAvailable, Status) VALUES (23, 3, 50, 10.00, 100, 1);
INSERT INTO SHELL (ProductID, ShellMaterialID, Weight, Size, AmountAvailable, Status) VALUES (23, 3, 50, 11.00, 100, 1);
INSERT INTO SHELL (ProductID, ShellMaterialID, Weight, Size, AmountAvailable, Status) VALUES (23, 4, 50, 9.00, 100, 1);
INSERT INTO SHELL (ProductID, ShellMaterialID, Weight, Size, AmountAvailable, Status) VALUES (23, 4, 50, 10.00, 100, 1);
INSERT INTO SHELL (ProductID, ShellMaterialID, Weight, Size, AmountAvailable, Status) VALUES (23, 4, 50, 11.00, 100, 1);
INSERT INTO SHELL (ProductID, ShellMaterialID, Weight, Size, AmountAvailable, Status) VALUES (24, 1, 50, 9.00, 100, 1);
INSERT INTO SHELL (ProductID, ShellMaterialID, Weight, Size, AmountAvailable, Status) VALUES (24, 1, 50, 10.00, 100, 1);
INSERT INTO SHELL (ProductID, ShellMaterialID, Weight, Size, AmountAvailable, Status) VALUES (24, 1, 50, 11.00, 100, 1);
INSERT INTO SHELL (ProductID, ShellMaterialID, Weight, Size, AmountAvailable, Status) VALUES (24, 2, 50, 9.00, 100, 1);
INSERT INTO SHELL (ProductID, ShellMaterialID, Weight, Size, AmountAvailable, Status) VALUES (24, 2, 50, 10.00, 100, 1);
INSERT INTO SHELL (ProductID, ShellMaterialID, Weight, Size, AmountAvailable, Status) VALUES (24, 2, 50, 11.00, 100, 1);
INSERT INTO SHELL (ProductID, ShellMaterialID, Weight, Size, AmountAvailable, Status) VALUES (24, 3, 50, 9.00, 100, 1);
INSERT INTO SHELL (ProductID, ShellMaterialID, Weight, Size, AmountAvailable, Status) VALUES (24, 3, 50, 10.00, 100, 1);
INSERT INTO SHELL (ProductID, ShellMaterialID, Weight, Size, AmountAvailable, Status) VALUES (24, 3, 50, 11.00, 100, 1);
INSERT INTO SHELL (ProductID, ShellMaterialID, Weight, Size, AmountAvailable, Status) VALUES (24, 4, 50, 9.00, 100, 1);
INSERT INTO SHELL (ProductID, ShellMaterialID, Weight, Size, AmountAvailable, Status) VALUES (24, 4, 50, 10.00, 100, 1);
INSERT INTO SHELL (ProductID, ShellMaterialID, Weight, Size, AmountAvailable, Status) VALUES (24, 4, 50, 11.00, 100, 1);
INSERT INTO SHELL (ProductID, ShellMaterialID, Weight, Size, AmountAvailable, Status) VALUES (25, 1, 50, 9.00, 100, 1);
INSERT INTO SHELL (ProductID, ShellMaterialID, Weight, Size, AmountAvailable, Status) VALUES (25, 1, 50, 10.00, 100, 1);
INSERT INTO SHELL (ProductID, ShellMaterialID, Weight, Size, AmountAvailable, Status) VALUES (25, 1, 50, 11.00, 100, 1);
INSERT INTO SHELL (ProductID, ShellMaterialID, Weight, Size, AmountAvailable, Status) VALUES (25, 2, 50, 9.00, 100, 1);
INSERT INTO SHELL (ProductID, ShellMaterialID, Weight, Size, AmountAvailable, Status) VALUES (25, 2, 50, 10.00, 100, 1);
INSERT INTO SHELL (ProductID, ShellMaterialID, Weight, Size, AmountAvailable, Status) VALUES (25, 2, 50, 11.00, 100, 1);
INSERT INTO SHELL (ProductID, ShellMaterialID, Weight, Size, AmountAvailable, Status) VALUES (25, 3, 50, 9.00, 100, 1);
INSERT INTO SHELL (ProductID, ShellMaterialID, Weight, Size, AmountAvailable, Status) VALUES (25, 3, 50, 10.00, 100, 1);
INSERT INTO SHELL (ProductID, ShellMaterialID, Weight, Size, AmountAvailable, Status) VALUES (25, 3, 50, 11.00, 100, 1);
INSERT INTO SHELL (ProductID, ShellMaterialID, Weight, Size, AmountAvailable, Status) VALUES (25, 4, 50, 9.00, 100, 1);
INSERT INTO SHELL (ProductID, ShellMaterialID, Weight, Size, AmountAvailable, Status) VALUES (25, 4, 50, 10.00, 100, 1);
INSERT INTO SHELL (ProductID, ShellMaterialID, Weight, Size, AmountAvailable, Status) VALUES (25, 4, 50, 11.00, 100, 1);
INSERT INTO SHELL (ProductID, ShellMaterialID, Weight, Size, AmountAvailable, Status) VALUES (26, 1, 50, 9.00, 100, 1);
INSERT INTO SHELL (ProductID, ShellMaterialID, Weight, Size, AmountAvailable, Status) VALUES (26, 1, 50, 10.00, 100, 1);
INSERT INTO SHELL (ProductID, ShellMaterialID, Weight, Size, AmountAvailable, Status) VALUES (26, 1, 50, 11.00, 100, 1);
INSERT INTO SHELL (ProductID, ShellMaterialID, Weight, Size, AmountAvailable, Status) VALUES (26, 2, 50, 9.00, 100, 1);
INSERT INTO SHELL (ProductID, ShellMaterialID, Weight, Size, AmountAvailable, Status) VALUES (26, 2, 50, 10.00, 100, 1);
INSERT INTO SHELL (ProductID, ShellMaterialID, Weight, Size, AmountAvailable, Status) VALUES (26, 2, 50, 11.00, 100, 1);
INSERT INTO SHELL (ProductID, ShellMaterialID, Weight, Size, AmountAvailable, Status) VALUES (26, 3, 50, 9.00, 100, 1);
INSERT INTO SHELL (ProductID, ShellMaterialID, Weight, Size, AmountAvailable, Status) VALUES (26, 3, 50, 10.00, 100, 1);
INSERT INTO SHELL (ProductID, ShellMaterialID, Weight, Size, AmountAvailable, Status) VALUES (26, 3, 50, 11.00, 100, 1);
INSERT INTO SHELL (ProductID, ShellMaterialID, Weight, Size, AmountAvailable, Status) VALUES (26, 4, 50, 9.00, 100, 1);
INSERT INTO SHELL (ProductID, ShellMaterialID, Weight, Size, AmountAvailable, Status) VALUES (26, 4, 50, 10.00, 100, 1);
INSERT INTO SHELL (ProductID, ShellMaterialID, Weight, Size, AmountAvailable, Status) VALUES (26, 4, 50, 11.00, 100, 1);
INSERT INTO SHELL (ProductID, ShellMaterialID, Weight, Size, AmountAvailable, Status) VALUES (27, 1, 50, 9.00, 100, 1);
INSERT INTO SHELL (ProductID, ShellMaterialID, Weight, Size, AmountAvailable, Status) VALUES (27, 1, 50, 10.00, 100, 1);
INSERT INTO SHELL (ProductID, ShellMaterialID, Weight, Size, AmountAvailable, Status) VALUES (27, 1, 50, 11.00, 100, 1);
INSERT INTO SHELL (ProductID, ShellMaterialID, Weight, Size, AmountAvailable, Status) VALUES (27, 2, 50, 9.00, 100, 1);
INSERT INTO SHELL (ProductID, ShellMaterialID, Weight, Size, AmountAvailable, Status) VALUES (27, 2, 50, 10.00, 100, 1);
INSERT INTO SHELL (ProductID, ShellMaterialID, Weight, Size, AmountAvailable, Status) VALUES (27, 2, 50, 11.00, 100, 1);
INSERT INTO SHELL (ProductID, ShellMaterialID, Weight, Size, AmountAvailable, Status) VALUES (27, 3, 50, 9.00, 100, 1);
INSERT INTO SHELL (ProductID, ShellMaterialID, Weight, Size, AmountAvailable, Status) VALUES (27, 3, 50, 10.00, 100, 1);
INSERT INTO SHELL (ProductID, ShellMaterialID, Weight, Size, AmountAvailable, Status) VALUES (27, 3, 50, 11.00, 100, 1);
INSERT INTO SHELL (ProductID, ShellMaterialID, Weight, Size, AmountAvailable, Status) VALUES (27, 4, 50, 9.00, 100, 1);
INSERT INTO SHELL (ProductID, ShellMaterialID, Weight, Size, AmountAvailable, Status) VALUES (27, 4, 50, 10.00, 100, 1);
INSERT INTO SHELL (ProductID, ShellMaterialID, Weight, Size, AmountAvailable, Status) VALUES (27, 4, 50, 11.00, 100, 1);
INSERT INTO SHELL (ProductID, ShellMaterialID, Weight, Size, AmountAvailable, Status) VALUES (28, 1, 50, 9.00, 100, 1);
INSERT INTO SHELL (ProductID, ShellMaterialID, Weight, Size, AmountAvailable, Status) VALUES (28, 1, 50, 10.00, 100, 1);
INSERT INTO SHELL (ProductID, ShellMaterialID, Weight, Size, AmountAvailable, Status) VALUES (28, 1, 50, 11.00, 100, 1);
INSERT INTO SHELL (ProductID, ShellMaterialID, Weight, Size, AmountAvailable, Status) VALUES (28, 2, 50, 9.00, 100, 1);
INSERT INTO SHELL (ProductID, ShellMaterialID, Weight, Size, AmountAvailable, Status) VALUES (28, 2, 50, 10.00, 100, 1);
INSERT INTO SHELL (ProductID, ShellMaterialID, Weight, Size, AmountAvailable, Status) VALUES (28, 2, 50, 11.00, 100, 1);
INSERT INTO SHELL (ProductID, ShellMaterialID, Weight, Size, AmountAvailable, Status) VALUES (28, 3, 50, 9.00, 100, 1);
INSERT INTO SHELL (ProductID, ShellMaterialID, Weight, Size, AmountAvailable, Status) VALUES (28, 3, 50, 10.00, 100, 1);
INSERT INTO SHELL (ProductID, ShellMaterialID, Weight, Size, AmountAvailable, Status) VALUES (28, 3, 50, 11.00, 100, 1);
INSERT INTO SHELL (ProductID, ShellMaterialID, Weight, Size, AmountAvailable, Status) VALUES (28, 4, 50, 9.00, 100, 1);
INSERT INTO SHELL (ProductID, ShellMaterialID, Weight, Size, AmountAvailable, Status) VALUES (28, 4, 50, 10.00, 100, 1);
INSERT INTO SHELL (ProductID, ShellMaterialID, Weight, Size, AmountAvailable, Status) VALUES (28, 4, 50, 11.00, 100, 1);
INSERT INTO SHELL (ProductID, ShellMaterialID, Weight, Size, AmountAvailable, Status) VALUES (29, 1, 50, 9.00, 100, 1);
INSERT INTO SHELL (ProductID, ShellMaterialID, Weight, Size, AmountAvailable, Status) VALUES (29, 1, 50, 10.00, 100, 1);
INSERT INTO SHELL (ProductID, ShellMaterialID, Weight, Size, AmountAvailable, Status) VALUES (29, 1, 50, 11.00, 100, 1);
INSERT INTO SHELL (ProductID, ShellMaterialID, Weight, Size, AmountAvailable, Status) VALUES (29, 2, 50, 9.00, 100, 1);
INSERT INTO SHELL (ProductID, ShellMaterialID, Weight, Size, AmountAvailable, Status) VALUES (29, 2, 50, 10.00, 100, 1);
INSERT INTO SHELL (ProductID, ShellMaterialID, Weight, Size, AmountAvailable, Status) VALUES (29, 2, 50, 11.00, 100, 1);
INSERT INTO SHELL (ProductID, ShellMaterialID, Weight, Size, AmountAvailable, Status) VALUES (29, 3, 50, 9.00, 100, 1);
INSERT INTO SHELL (ProductID, ShellMaterialID, Weight, Size, AmountAvailable, Status) VALUES (29, 3, 50, 10.00, 100, 1);
INSERT INTO SHELL (ProductID, ShellMaterialID, Weight, Size, AmountAvailable, Status) VALUES (29, 3, 50, 11.00, 100, 1);
INSERT INTO SHELL (ProductID, ShellMaterialID, Weight, Size, AmountAvailable, Status) VALUES (29, 4, 50, 9.00, 100, 1);
INSERT INTO SHELL (ProductID, ShellMaterialID, Weight, Size, AmountAvailable, Status) VALUES (29, 4, 50, 10.00, 100, 1);
INSERT INTO SHELL (ProductID, ShellMaterialID, Weight, Size, AmountAvailable, Status) VALUES (29, 4, 50, 11.00, 100, 1);
INSERT INTO SHELL (ProductID, ShellMaterialID, Weight, Size, AmountAvailable, Status) VALUES (30, 1, 50, 9.00, 100, 1);
INSERT INTO SHELL (ProductID, ShellMaterialID, Weight, Size, AmountAvailable, Status) VALUES (30, 1, 50, 10.00, 100, 1);
INSERT INTO SHELL (ProductID, ShellMaterialID, Weight, Size, AmountAvailable, Status) VALUES (30, 1, 50, 11.00, 100, 1);
INSERT INTO SHELL (ProductID, ShellMaterialID, Weight, Size, AmountAvailable, Status) VALUES (30, 2, 50, 9.00, 100, 1);
INSERT INTO SHELL (ProductID, ShellMaterialID, Weight, Size, AmountAvailable, Status) VALUES (30, 2, 50, 10.00, 100, 1);
INSERT INTO SHELL (ProductID, ShellMaterialID, Weight, Size, AmountAvailable, Status) VALUES (30, 2, 50, 11.00, 100, 1);
INSERT INTO SHELL (ProductID, ShellMaterialID, Weight, Size, AmountAvailable, Status) VALUES (30, 3, 50, 9.00, 100, 1);
INSERT INTO SHELL (ProductID, ShellMaterialID, Weight, Size, AmountAvailable, Status) VALUES (30, 3, 50, 10.00, 100, 1);
INSERT INTO SHELL (ProductID, ShellMaterialID, Weight, Size, AmountAvailable, Status) VALUES (30, 3, 50, 11.00, 100, 1);
INSERT INTO SHELL (ProductID, ShellMaterialID, Weight, Size, AmountAvailable, Status) VALUES (30, 4, 50, 9.00, 100, 1);
INSERT INTO SHELL (ProductID, ShellMaterialID, Weight, Size, AmountAvailable, Status) VALUES (30, 4, 50, 10.00, 100, 1);
INSERT INTO SHELL (ProductID, ShellMaterialID, Weight, Size, AmountAvailable, Status) VALUES (30, 4, 50, 11.00, 100, 1);
INSERT INTO SHELL (ProductID, ShellMaterialID, Weight, Size, AmountAvailable, Status) VALUES (31, 1, 50, 9.00, 100, 1);
INSERT INTO SHELL (ProductID, ShellMaterialID, Weight, Size, AmountAvailable, Status) VALUES (31, 1, 50, 10.00, 100, 1);
INSERT INTO SHELL (ProductID, ShellMaterialID, Weight, Size, AmountAvailable, Status) VALUES (31, 1, 50, 11.00, 100, 1);
INSERT INTO SHELL (ProductID, ShellMaterialID, Weight, Size, AmountAvailable, Status) VALUES (31, 2, 50, 9.00, 100, 1);
INSERT INTO SHELL (ProductID, ShellMaterialID, Weight, Size, AmountAvailable, Status) VALUES (31, 2, 50, 10.00, 100, 1);
INSERT INTO SHELL (ProductID, ShellMaterialID, Weight, Size, AmountAvailable, Status) VALUES (31, 2, 50, 11.00, 100, 1);
INSERT INTO SHELL (ProductID, ShellMaterialID, Weight, Size, AmountAvailable, Status) VALUES (31, 3, 50, 9.00, 100, 1);
INSERT INTO SHELL (ProductID, ShellMaterialID, Weight, Size, AmountAvailable, Status) VALUES (31, 3, 50, 10.00, 100, 1);
INSERT INTO SHELL (ProductID, ShellMaterialID, Weight, Size, AmountAvailable, Status) VALUES (31, 3, 50, 11.00, 100, 1);
INSERT INTO SHELL (ProductID, ShellMaterialID, Weight, Size, AmountAvailable, Status) VALUES (31, 4, 50, 9.00, 100, 1);
INSERT INTO SHELL (ProductID, ShellMaterialID, Weight, Size, AmountAvailable, Status) VALUES (31, 4, 50, 10.00, 100, 1);
INSERT INTO SHELL (ProductID, ShellMaterialID, Weight, Size, AmountAvailable, Status) VALUES (31, 4, 50, 11.00, 100, 1);
INSERT INTO SHELL (ProductID, ShellMaterialID, Weight, Size, AmountAvailable, Status) VALUES (32, 1, 50, 9.00, 100, 1);
INSERT INTO SHELL (ProductID, ShellMaterialID, Weight, Size, AmountAvailable, Status) VALUES (32, 1, 50, 10.00, 100, 1);
INSERT INTO SHELL (ProductID, ShellMaterialID, Weight, Size, AmountAvailable, Status) VALUES (32, 1, 50, 11.00, 100, 1);
INSERT INTO SHELL (ProductID, ShellMaterialID, Weight, Size, AmountAvailable, Status) VALUES (32, 2, 50, 9.00, 100, 1);
INSERT INTO SHELL (ProductID, ShellMaterialID, Weight, Size, AmountAvailable, Status) VALUES (32, 2, 50, 10.00, 100, 1);
INSERT INTO SHELL (ProductID, ShellMaterialID, Weight, Size, AmountAvailable, Status) VALUES (32, 2, 50, 11.00, 100, 1);
INSERT INTO SHELL (ProductID, ShellMaterialID, Weight, Size, AmountAvailable, Status) VALUES (32, 3, 50, 9.00, 100, 1);
INSERT INTO SHELL (ProductID, ShellMaterialID, Weight, Size, AmountAvailable, Status) VALUES (32, 3, 50, 10.00, 100, 1);
INSERT INTO SHELL (ProductID, ShellMaterialID, Weight, Size, AmountAvailable, Status) VALUES (32, 3, 50, 11.00, 100, 1);
INSERT INTO SHELL (ProductID, ShellMaterialID, Weight, Size, AmountAvailable, Status) VALUES (32, 4, 50, 9.00, 100, 1);
INSERT INTO SHELL (ProductID, ShellMaterialID, Weight, Size, AmountAvailable, Status) VALUES (32, 4, 50, 10.00, 100, 1);
INSERT INTO SHELL (ProductID, ShellMaterialID, Weight, Size, AmountAvailable, Status) VALUES (32, 4, 50, 11.00, 100, 1);
INSERT INTO SHELL (ProductID, ShellMaterialID, Weight, Size, AmountAvailable, Status) VALUES (33, 1, 50, 9.00, 100, 1);
INSERT INTO SHELL (ProductID, ShellMaterialID, Weight, Size, AmountAvailable, Status) VALUES (33, 1, 50, 10.00, 100, 1);
INSERT INTO SHELL (ProductID, ShellMaterialID, Weight, Size, AmountAvailable, Status) VALUES (33, 1, 50, 11.00, 100, 1);
INSERT INTO SHELL (ProductID, ShellMaterialID, Weight, Size, AmountAvailable, Status) VALUES (33, 2, 50, 9.00, 100, 1);
INSERT INTO SHELL (ProductID, ShellMaterialID, Weight, Size, AmountAvailable, Status) VALUES (33, 2, 50, 10.00, 100, 1);
INSERT INTO SHELL (ProductID, ShellMaterialID, Weight, Size, AmountAvailable, Status) VALUES (33, 2, 50, 11.00, 100, 1);
INSERT INTO SHELL (ProductID, ShellMaterialID, Weight, Size, AmountAvailable, Status) VALUES (33, 3, 50, 9.00, 100, 1);
INSERT INTO SHELL (ProductID, ShellMaterialID, Weight, Size, AmountAvailable, Status) VALUES (33, 3, 50, 10.00, 100, 1);
INSERT INTO SHELL (ProductID, ShellMaterialID, Weight, Size, AmountAvailable, Status) VALUES (33, 3, 50, 11.00, 100, 1);
INSERT INTO SHELL (ProductID, ShellMaterialID, Weight, Size, AmountAvailable, Status) VALUES (33, 4, 50, 9.00, 100, 1);
INSERT INTO SHELL (ProductID, ShellMaterialID, Weight, Size, AmountAvailable, Status) VALUES (33, 4, 50, 10.00, 100, 1);
INSERT INTO SHELL (ProductID, ShellMaterialID, Weight, Size, AmountAvailable, Status) VALUES (33, 4, 50, 11.00, 100, 1);
INSERT INTO SHELL (ProductID, ShellMaterialID, Weight, Size, AmountAvailable, Status) VALUES (34, 1, 50, 9.00, 100, 1);
INSERT INTO SHELL (ProductID, ShellMaterialID, Weight, Size, AmountAvailable, Status) VALUES (34, 1, 50, 10.00, 100, 1);
INSERT INTO SHELL (ProductID, ShellMaterialID, Weight, Size, AmountAvailable, Status) VALUES (34, 1, 50, 11.00, 100, 1);
INSERT INTO SHELL (ProductID, ShellMaterialID, Weight, Size, AmountAvailable, Status) VALUES (34, 2, 50, 9.00, 100, 1);
INSERT INTO SHELL (ProductID, ShellMaterialID, Weight, Size, AmountAvailable, Status) VALUES (34, 2, 50, 10.00, 100, 1);
INSERT INTO SHELL (ProductID, ShellMaterialID, Weight, Size, AmountAvailable, Status) VALUES (34, 2, 50, 11.00, 100, 1);
INSERT INTO SHELL (ProductID, ShellMaterialID, Weight, Size, AmountAvailable, Status) VALUES (34, 3, 50, 9.00, 100, 1);
INSERT INTO SHELL (ProductID, ShellMaterialID, Weight, Size, AmountAvailable, Status) VALUES (34, 3, 50, 10.00, 100, 1);
INSERT INTO SHELL (ProductID, ShellMaterialID, Weight, Size, AmountAvailable, Status) VALUES (34, 3, 50, 11.00, 100, 1);
INSERT INTO SHELL (ProductID, ShellMaterialID, Weight, Size, AmountAvailable, Status) VALUES (34, 4, 50, 9.00, 100, 1);
INSERT INTO SHELL (ProductID, ShellMaterialID, Weight, Size, AmountAvailable, Status) VALUES (34, 4, 50, 10.00, 100, 1);
INSERT INTO SHELL (ProductID, ShellMaterialID, Weight, Size, AmountAvailable, Status) VALUES (34, 4, 50, 11.00, 100, 1);
INSERT INTO SHELL (ProductID, ShellMaterialID, Weight, Size, AmountAvailable, Status) VALUES (35, 1, 50, 9.00, 100, 1);
INSERT INTO SHELL (ProductID, ShellMaterialID, Weight, Size, AmountAvailable, Status) VALUES (35, 1, 50, 10.00, 100, 1);
INSERT INTO SHELL (ProductID, ShellMaterialID, Weight, Size, AmountAvailable, Status) VALUES (35, 1, 50, 11.00, 100, 1);
INSERT INTO SHELL (ProductID, ShellMaterialID, Weight, Size, AmountAvailable, Status) VALUES (35, 2, 50, 9.00, 100, 1);
INSERT INTO SHELL (ProductID, ShellMaterialID, Weight, Size, AmountAvailable, Status) VALUES (35, 2, 50, 10.00, 100, 1);
INSERT INTO SHELL (ProductID, ShellMaterialID, Weight, Size, AmountAvailable, Status) VALUES (35, 2, 50, 11.00, 100, 1);
INSERT INTO SHELL (ProductID, ShellMaterialID, Weight, Size, AmountAvailable, Status) VALUES (35, 3, 50, 9.00, 100, 1);
INSERT INTO SHELL (ProductID, ShellMaterialID, Weight, Size, AmountAvailable, Status) VALUES (35, 3, 50, 10.00, 100, 1);
INSERT INTO SHELL (ProductID, ShellMaterialID, Weight, Size, AmountAvailable, Status) VALUES (35, 3, 50, 11.00, 100, 1);
INSERT INTO SHELL (ProductID, ShellMaterialID, Weight, Size, AmountAvailable, Status) VALUES (35, 4, 50, 9.00, 100, 1);
INSERT INTO SHELL (ProductID, ShellMaterialID, Weight, Size, AmountAvailable, Status) VALUES (35, 4, 50, 10.00, 100, 1);
INSERT INTO SHELL (ProductID, ShellMaterialID, Weight, Size, AmountAvailable, Status) VALUES (35, 4, 50, 11.00, 100, 1);
INSERT INTO SHELL (ProductID, ShellMaterialID, Weight, Size, AmountAvailable, Status) VALUES (36, 1, 50, 9.00, 100, 1);
INSERT INTO SHELL (ProductID, ShellMaterialID, Weight, Size, AmountAvailable, Status) VALUES (36, 1, 50, 10.00, 100, 1);
INSERT INTO SHELL (ProductID, ShellMaterialID, Weight, Size, AmountAvailable, Status) VALUES (36, 1, 50, 11.00, 100, 1);
INSERT INTO SHELL (ProductID, ShellMaterialID, Weight, Size, AmountAvailable, Status) VALUES (36, 2, 50, 9.00, 100, 1);
INSERT INTO SHELL (ProductID, ShellMaterialID, Weight, Size, AmountAvailable, Status) VALUES (36, 2, 50, 10.00, 100, 1);
INSERT INTO SHELL (ProductID, ShellMaterialID, Weight, Size, AmountAvailable, Status) VALUES (36, 2, 50, 11.00, 100, 1);
INSERT INTO SHELL (ProductID, ShellMaterialID, Weight, Size, AmountAvailable, Status) VALUES (36, 3, 50, 9.00, 100, 1);
INSERT INTO SHELL (ProductID, ShellMaterialID, Weight, Size, AmountAvailable, Status) VALUES (36, 3, 50, 10.00, 100, 1);
INSERT INTO SHELL (ProductID, ShellMaterialID, Weight, Size, AmountAvailable, Status) VALUES (36, 3, 50, 11.00, 100, 1);
INSERT INTO SHELL (ProductID, ShellMaterialID, Weight, Size, AmountAvailable, Status) VALUES (36, 4, 50, 9.00, 100, 1);
INSERT INTO SHELL (ProductID, ShellMaterialID, Weight, Size, AmountAvailable, Status) VALUES (36, 4, 50, 10.00, 100, 1);
INSERT INTO SHELL (ProductID, ShellMaterialID, Weight, Size, AmountAvailable, Status) VALUES (36, 4, 50, 11.00, 100, 1);
INSERT INTO SHELL (ProductID, ShellMaterialID, Weight, Size, AmountAvailable, Status) VALUES (37, 1, 50, 9.00, 100, 1);
INSERT INTO SHELL (ProductID, ShellMaterialID, Weight, Size, AmountAvailable, Status) VALUES (37, 1, 50, 10.00, 100, 1);
INSERT INTO SHELL (ProductID, ShellMaterialID, Weight, Size, AmountAvailable, Status) VALUES (37, 1, 50, 11.00, 100, 1);
INSERT INTO SHELL (ProductID, ShellMaterialID, Weight, Size, AmountAvailable, Status) VALUES (37, 2, 50, 9.00, 100, 1);
INSERT INTO SHELL (ProductID, ShellMaterialID, Weight, Size, AmountAvailable, Status) VALUES (37, 2, 50, 10.00, 100, 1);
INSERT INTO SHELL (ProductID, ShellMaterialID, Weight, Size, AmountAvailable, Status) VALUES (37, 2, 50, 11.00, 100, 1);
INSERT INTO SHELL (ProductID, ShellMaterialID, Weight, Size, AmountAvailable, Status) VALUES (37, 3, 50, 9.00, 100, 1);
INSERT INTO SHELL (ProductID, ShellMaterialID, Weight, Size, AmountAvailable, Status) VALUES (37, 3, 50, 10.00, 100, 1);
INSERT INTO SHELL (ProductID, ShellMaterialID, Weight, Size, AmountAvailable, Status) VALUES (37, 3, 50, 11.00, 100, 1);
INSERT INTO SHELL (ProductID, ShellMaterialID, Weight, Size, AmountAvailable, Status) VALUES (37, 4, 50, 9.00, 100, 1);
INSERT INTO SHELL (ProductID, ShellMaterialID, Weight, Size, AmountAvailable, Status) VALUES (37, 4, 50, 10.00, 100, 1);
INSERT INTO SHELL (ProductID, ShellMaterialID, Weight, Size, AmountAvailable, Status) VALUES (37, 4, 50, 11.00, 100, 1);
INSERT INTO SHELL (ProductID, ShellMaterialID, Weight, Size, AmountAvailable, Status) VALUES (38, 1, 50, 9.00, 100, 1);
INSERT INTO SHELL (ProductID, ShellMaterialID, Weight, Size, AmountAvailable, Status) VALUES (38, 1, 50, 10.00, 100, 1);
INSERT INTO SHELL (ProductID, ShellMaterialID, Weight, Size, AmountAvailable, Status) VALUES (38, 1, 50, 11.00, 100, 1);
INSERT INTO SHELL (ProductID, ShellMaterialID, Weight, Size, AmountAvailable, Status) VALUES (38, 2, 50, 9.00, 100, 1);
INSERT INTO SHELL (ProductID, ShellMaterialID, Weight, Size, AmountAvailable, Status) VALUES (38, 2, 50, 10.00, 100, 1);
INSERT INTO SHELL (ProductID, ShellMaterialID, Weight, Size, AmountAvailable, Status) VALUES (38, 2, 50, 11.00, 100, 1);
INSERT INTO SHELL (ProductID, ShellMaterialID, Weight, Size, AmountAvailable, Status) VALUES (38, 3, 50, 9.00, 100, 1);
INSERT INTO SHELL (ProductID, ShellMaterialID, Weight, Size, AmountAvailable, Status) VALUES (38, 3, 50, 10.00, 100, 1);
INSERT INTO SHELL (ProductID, ShellMaterialID, Weight, Size, AmountAvailable, Status) VALUES (38, 3, 50, 11.00, 100, 1);
INSERT INTO SHELL (ProductID, ShellMaterialID, Weight, Size, AmountAvailable, Status) VALUES (38, 4, 50, 9.00, 100, 1);
INSERT INTO SHELL (ProductID, ShellMaterialID, Weight, Size, AmountAvailable, Status) VALUES (38, 4, 50, 10.00, 100, 1);
INSERT INTO SHELL (ProductID, ShellMaterialID, Weight, Size, AmountAvailable, Status) VALUES (38, 4, 50, 11.00, 100, 1);
INSERT INTO SHELL (ProductID, ShellMaterialID, Weight, Size, AmountAvailable, Status) VALUES (39, 1, 50, 9.00, 100, 1);
INSERT INTO SHELL (ProductID, ShellMaterialID, Weight, Size, AmountAvailable, Status) VALUES (39, 1, 50, 10.00, 100, 1);
INSERT INTO SHELL (ProductID, ShellMaterialID, Weight, Size, AmountAvailable, Status) VALUES (39, 1, 50, 11.00, 100, 1);
INSERT INTO SHELL (ProductID, ShellMaterialID, Weight, Size, AmountAvailable, Status) VALUES (39, 2, 50, 9.00, 100, 1);
INSERT INTO SHELL (ProductID, ShellMaterialID, Weight, Size, AmountAvailable, Status) VALUES (39, 2, 50, 10.00, 100, 1);
INSERT INTO SHELL (ProductID, ShellMaterialID, Weight, Size, AmountAvailable, Status) VALUES (39, 2, 50, 11.00, 100, 1);
INSERT INTO SHELL (ProductID, ShellMaterialID, Weight, Size, AmountAvailable, Status) VALUES (39, 3, 50, 9.00, 100, 1);
INSERT INTO SHELL (ProductID, ShellMaterialID, Weight, Size, AmountAvailable, Status) VALUES (39, 3, 50, 10.00, 100, 1);
INSERT INTO SHELL (ProductID, ShellMaterialID, Weight, Size, AmountAvailable, Status) VALUES (39, 3, 50, 11.00, 100, 1);
INSERT INTO SHELL (ProductID, ShellMaterialID, Weight, Size, AmountAvailable, Status) VALUES (39, 4, 50, 9.00, 100, 1);
INSERT INTO SHELL (ProductID, ShellMaterialID, Weight, Size, AmountAvailable, Status) VALUES (39, 4, 50, 10.00, 100, 1);
INSERT INTO SHELL (ProductID, ShellMaterialID, Weight, Size, AmountAvailable, Status) VALUES (39, 4, 50, 11.00, 100, 1);
INSERT INTO SHELL (ProductID, ShellMaterialID, Weight, Size, AmountAvailable, Status) VALUES (40, 1, 50, 9.00, 100, 1);
INSERT INTO SHELL (ProductID, ShellMaterialID, Weight, Size, AmountAvailable, Status) VALUES (40, 1, 50, 10.00, 100, 1);
INSERT INTO SHELL (ProductID, ShellMaterialID, Weight, Size, AmountAvailable, Status) VALUES (40, 1, 50, 11.00, 100, 1);
INSERT INTO SHELL (ProductID, ShellMaterialID, Weight, Size, AmountAvailable, Status) VALUES (40, 2, 50, 9.00, 100, 1);
INSERT INTO SHELL (ProductID, ShellMaterialID, Weight, Size, AmountAvailable, Status) VALUES (40, 2, 50, 10.00, 100, 1);
INSERT INTO SHELL (ProductID, ShellMaterialID, Weight, Size, AmountAvailable, Status) VALUES (40, 2, 50, 11.00, 100, 1);
INSERT INTO SHELL (ProductID, ShellMaterialID, Weight, Size, AmountAvailable, Status) VALUES (40, 3, 50, 9.00, 100, 1);
INSERT INTO SHELL (ProductID, ShellMaterialID, Weight, Size, AmountAvailable, Status) VALUES (40, 3, 50, 10.00, 100, 1);
INSERT INTO SHELL (ProductID, ShellMaterialID, Weight, Size, AmountAvailable, Status) VALUES (40, 3, 50, 11.00, 100, 1);
INSERT INTO SHELL (ProductID, ShellMaterialID, Weight, Size, AmountAvailable, Status) VALUES (40, 4, 50, 9.00, 100, 1);
INSERT INTO SHELL (ProductID, ShellMaterialID, Weight, Size, AmountAvailable, Status) VALUES (40, 4, 50, 10.00, 100, 1);
INSERT INTO SHELL (ProductID, ShellMaterialID, Weight, Size, AmountAvailable, Status) VALUES (40, 4, 50, 11.00, 100, 1);
INSERT INTO SHELL (ProductID, ShellMaterialID, Weight, Size, AmountAvailable, Status) VALUES (41, 1, 50, 9.00, 100, 1);
INSERT INTO SHELL (ProductID, ShellMaterialID, Weight, Size, AmountAvailable, Status) VALUES (41, 1, 50, 10.00, 100, 1);
INSERT INTO SHELL (ProductID, ShellMaterialID, Weight, Size, AmountAvailable, Status) VALUES (41, 1, 50, 11.00, 100, 1);
INSERT INTO SHELL (ProductID, ShellMaterialID, Weight, Size, AmountAvailable, Status) VALUES (41, 2, 50, 9.00, 100, 1);
INSERT INTO SHELL (ProductID, ShellMaterialID, Weight, Size, AmountAvailable, Status) VALUES (41, 2, 50, 10.00, 100, 1);
INSERT INTO SHELL (ProductID, ShellMaterialID, Weight, Size, AmountAvailable, Status) VALUES (41, 2, 50, 11.00, 100, 1);
INSERT INTO SHELL (ProductID, ShellMaterialID, Weight, Size, AmountAvailable, Status) VALUES (41, 3, 50, 9.00, 100, 1);
INSERT INTO SHELL (ProductID, ShellMaterialID, Weight, Size, AmountAvailable, Status) VALUES (41, 3, 50, 10.00, 100, 1);
INSERT INTO SHELL (ProductID, ShellMaterialID, Weight, Size, AmountAvailable, Status) VALUES (41, 3, 50, 11.00, 100, 1);
INSERT INTO SHELL (ProductID, ShellMaterialID, Weight, Size, AmountAvailable, Status) VALUES (41, 4, 50, 9.00, 100, 1);
INSERT INTO SHELL (ProductID, ShellMaterialID, Weight, Size, AmountAvailable, Status) VALUES (41, 4, 50, 10.00, 100, 1);
INSERT INTO SHELL (ProductID, ShellMaterialID, Weight, Size, AmountAvailable, Status) VALUES (41, 4, 50, 11.00, 100, 1);
INSERT INTO SHELL (ProductID, ShellMaterialID, Weight, Size, AmountAvailable, Status) VALUES (42, 1, 50, 9.00, 100, 1);
INSERT INTO SHELL (ProductID, ShellMaterialID, Weight, Size, AmountAvailable, Status) VALUES (42, 1, 50, 10.00, 100, 1);
INSERT INTO SHELL (ProductID, ShellMaterialID, Weight, Size, AmountAvailable, Status) VALUES (42, 1, 50, 11.00, 100, 1);
INSERT INTO SHELL (ProductID, ShellMaterialID, Weight, Size, AmountAvailable, Status) VALUES (42, 2, 50, 9.00, 100, 1);
INSERT INTO SHELL (ProductID, ShellMaterialID, Weight, Size, AmountAvailable, Status) VALUES (42, 2, 50, 10.00, 100, 1);
INSERT INTO SHELL (ProductID, ShellMaterialID, Weight, Size, AmountAvailable, Status) VALUES (42, 2, 50, 11.00, 100, 1);
INSERT INTO SHELL (ProductID, ShellMaterialID, Weight, Size, AmountAvailable, Status) VALUES (42, 3, 50, 9.00, 100, 1);
INSERT INTO SHELL (ProductID, ShellMaterialID, Weight, Size, AmountAvailable, Status) VALUES (42, 3, 50, 10.00, 100, 1);
INSERT INTO SHELL (ProductID, ShellMaterialID, Weight, Size, AmountAvailable, Status) VALUES (42, 3, 50, 11.00, 100, 1);
INSERT INTO SHELL (ProductID, ShellMaterialID, Weight, Size, AmountAvailable, Status) VALUES (42, 4, 50, 9.00, 100, 1);
INSERT INTO SHELL (ProductID, ShellMaterialID, Weight, Size, AmountAvailable, Status) VALUES (42, 4, 50, 10.00, 100, 1);
INSERT INTO SHELL (ProductID, ShellMaterialID, Weight, Size, AmountAvailable, Status) VALUES (42, 4, 50, 11.00, 100, 1);
INSERT INTO SHELL (ProductID, ShellMaterialID, Weight, Size, AmountAvailable, Status) VALUES (43, 1, 50, 9.00, 100, 1);
INSERT INTO SHELL (ProductID, ShellMaterialID, Weight, Size, AmountAvailable, Status) VALUES (43, 1, 50, 10.00, 100, 1);
INSERT INTO SHELL (ProductID, ShellMaterialID, Weight, Size, AmountAvailable, Status) VALUES (43, 1, 50, 11.00, 100, 1);
INSERT INTO SHELL (ProductID, ShellMaterialID, Weight, Size, AmountAvailable, Status) VALUES (43, 2, 50, 9.00, 100, 1);
INSERT INTO SHELL (ProductID, ShellMaterialID, Weight, Size, AmountAvailable, Status) VALUES (43, 2, 50, 10.00, 100, 1);
INSERT INTO SHELL (ProductID, ShellMaterialID, Weight, Size, AmountAvailable, Status) VALUES (43, 2, 50, 11.00, 100, 1);
INSERT INTO SHELL (ProductID, ShellMaterialID, Weight, Size, AmountAvailable, Status) VALUES (43, 3, 50, 9.00, 100, 1);
INSERT INTO SHELL (ProductID, ShellMaterialID, Weight, Size, AmountAvailable, Status) VALUES (43, 3, 50, 10.00, 100, 1);
INSERT INTO SHELL (ProductID, ShellMaterialID, Weight, Size, AmountAvailable, Status) VALUES (43, 3, 50, 11.00, 100, 1);
INSERT INTO SHELL (ProductID, ShellMaterialID, Weight, Size, AmountAvailable, Status) VALUES (43, 4, 50, 9.00, 100, 1);
INSERT INTO SHELL (ProductID, ShellMaterialID, Weight, Size, AmountAvailable, Status) VALUES (43, 4, 50, 10.00, 100, 1);
INSERT INTO SHELL (ProductID, ShellMaterialID, Weight, Size, AmountAvailable, Status) VALUES (43, 4, 50, 11.00, 100, 1);
INSERT INTO SHELL (ProductID, ShellMaterialID, Weight, Size, AmountAvailable, Status) VALUES (44, 1, 50, 9.00, 100, 1);
INSERT INTO SHELL (ProductID, ShellMaterialID, Weight, Size, AmountAvailable, Status) VALUES (44, 1, 50, 10.00, 100, 1);
INSERT INTO SHELL (ProductID, ShellMaterialID, Weight, Size, AmountAvailable, Status) VALUES (44, 1, 50, 11.00, 100, 1);
INSERT INTO SHELL (ProductID, ShellMaterialID, Weight, Size, AmountAvailable, Status) VALUES (44, 2, 50, 9.00, 100, 1);
INSERT INTO SHELL (ProductID, ShellMaterialID, Weight, Size, AmountAvailable, Status) VALUES (44, 2, 50, 10.00, 100, 1);
INSERT INTO SHELL (ProductID, ShellMaterialID, Weight, Size, AmountAvailable, Status) VALUES (44, 2, 50, 11.00, 100, 1);
INSERT INTO SHELL (ProductID, ShellMaterialID, Weight, Size, AmountAvailable, Status) VALUES (44, 3, 50, 9.00, 100, 1);
INSERT INTO SHELL (ProductID, ShellMaterialID, Weight, Size, AmountAvailable, Status) VALUES (44, 3, 50, 10.00, 100, 1);
INSERT INTO SHELL (ProductID, ShellMaterialID, Weight, Size, AmountAvailable, Status) VALUES (44, 3, 50, 11.00, 100, 1);
INSERT INTO SHELL (ProductID, ShellMaterialID, Weight, Size, AmountAvailable, Status) VALUES (44, 4, 50, 9.00, 100, 1);
INSERT INTO SHELL (ProductID, ShellMaterialID, Weight, Size, AmountAvailable, Status) VALUES (44, 4, 50, 10.00, 100, 1);
INSERT INTO SHELL (ProductID, ShellMaterialID, Weight, Size, AmountAvailable, Status) VALUES (44, 4, 50, 11.00, 100, 1);
INSERT INTO SHELL (ProductID, ShellMaterialID, Weight, Size, AmountAvailable, Status) VALUES (45, 1, 50, 9.00, 100, 1);
INSERT INTO SHELL (ProductID, ShellMaterialID, Weight, Size, AmountAvailable, Status) VALUES (45, 1, 50, 10.00, 100, 1);
INSERT INTO SHELL (ProductID, ShellMaterialID, Weight, Size, AmountAvailable, Status) VALUES (45, 1, 50, 11.00, 100, 1);
INSERT INTO SHELL (ProductID, ShellMaterialID, Weight, Size, AmountAvailable, Status) VALUES (45, 2, 50, 9.00, 100, 1);
INSERT INTO SHELL (ProductID, ShellMaterialID, Weight, Size, AmountAvailable, Status) VALUES (45, 2, 50, 10.00, 100, 1);
INSERT INTO SHELL (ProductID, ShellMaterialID, Weight, Size, AmountAvailable, Status) VALUES (45, 2, 50, 11.00, 100, 1);
INSERT INTO SHELL (ProductID, ShellMaterialID, Weight, Size, AmountAvailable, Status) VALUES (45, 3, 50, 9.00, 100, 1);
INSERT INTO SHELL (ProductID, ShellMaterialID, Weight, Size, AmountAvailable, Status) VALUES (45, 3, 50, 10.00, 100, 1);
INSERT INTO SHELL (ProductID, ShellMaterialID, Weight, Size, AmountAvailable, Status) VALUES (45, 3, 50, 11.00, 100, 1);
INSERT INTO SHELL (ProductID, ShellMaterialID, Weight, Size, AmountAvailable, Status) VALUES (45, 4, 50, 9.00, 100, 1);
INSERT INTO SHELL (ProductID, ShellMaterialID, Weight, Size, AmountAvailable, Status) VALUES (45, 4, 50, 10.00, 100, 1);
INSERT INTO SHELL (ProductID, ShellMaterialID, Weight, Size, AmountAvailable, Status) VALUES (45, 4, 50, 11.00, 100, 1);
INSERT INTO SHELL (ProductID, ShellMaterialID, Weight, Size, AmountAvailable, Status) VALUES (46, 1, 50, 9.00, 100, 1);
INSERT INTO SHELL (ProductID, ShellMaterialID, Weight, Size, AmountAvailable, Status) VALUES (46, 1, 50, 10.00, 100, 1);
INSERT INTO SHELL (ProductID, ShellMaterialID, Weight, Size, AmountAvailable, Status) VALUES (46, 1, 50, 11.00, 100, 1);
INSERT INTO SHELL (ProductID, ShellMaterialID, Weight, Size, AmountAvailable, Status) VALUES (46, 2, 50, 9.00, 100, 1);
INSERT INTO SHELL (ProductID, ShellMaterialID, Weight, Size, AmountAvailable, Status) VALUES (46, 2, 50, 10.00, 100, 1);
INSERT INTO SHELL (ProductID, ShellMaterialID, Weight, Size, AmountAvailable, Status) VALUES (46, 2, 50, 11.00, 100, 1);
INSERT INTO SHELL (ProductID, ShellMaterialID, Weight, Size, AmountAvailable, Status) VALUES (46, 3, 50, 9.00, 100, 1);
INSERT INTO SHELL (ProductID, ShellMaterialID, Weight, Size, AmountAvailable, Status) VALUES (46, 3, 50, 10.00, 100, 1);
INSERT INTO SHELL (ProductID, ShellMaterialID, Weight, Size, AmountAvailable, Status) VALUES (46, 3, 50, 11.00, 100, 1);
INSERT INTO SHELL (ProductID, ShellMaterialID, Weight, Size, AmountAvailable, Status) VALUES (46, 4, 50, 9.00, 100, 1);
INSERT INTO SHELL (ProductID, ShellMaterialID, Weight, Size, AmountAvailable, Status) VALUES (46, 4, 50, 10.00, 100, 1);
INSERT INTO SHELL (ProductID, ShellMaterialID, Weight, Size, AmountAvailable, Status) VALUES (46, 4, 50, 11.00, 100, 1);
INSERT INTO SHELL (ProductID, ShellMaterialID, Weight, Size, AmountAvailable, Status) VALUES (47, 1, 50, 9.00, 100, 1);
INSERT INTO SHELL (ProductID, ShellMaterialID, Weight, Size, AmountAvailable, Status) VALUES (47, 1, 50, 10.00, 100, 1);
INSERT INTO SHELL (ProductID, ShellMaterialID, Weight, Size, AmountAvailable, Status) VALUES (47, 1, 50, 11.00, 100, 1);
INSERT INTO SHELL (ProductID, ShellMaterialID, Weight, Size, AmountAvailable, Status) VALUES (47, 2, 50, 9.00, 100, 1);
INSERT INTO SHELL (ProductID, ShellMaterialID, Weight, Size, AmountAvailable, Status) VALUES (47, 2, 50, 10.00, 100, 1);
INSERT INTO SHELL (ProductID, ShellMaterialID, Weight, Size, AmountAvailable, Status) VALUES (47, 2, 50, 11.00, 100, 1);
INSERT INTO SHELL (ProductID, ShellMaterialID, Weight, Size, AmountAvailable, Status) VALUES (47, 3, 50, 9.00, 100, 1);
INSERT INTO SHELL (ProductID, ShellMaterialID, Weight, Size, AmountAvailable, Status) VALUES (47, 3, 50, 10.00, 100, 1);
INSERT INTO SHELL (ProductID, ShellMaterialID, Weight, Size, AmountAvailable, Status) VALUES (47, 3, 50, 11.00, 100, 1);
INSERT INTO SHELL (ProductID, ShellMaterialID, Weight, Size, AmountAvailable, Status) VALUES (47, 4, 50, 9.00, 100, 1);
INSERT INTO SHELL (ProductID, ShellMaterialID, Weight, Size, AmountAvailable, Status) VALUES (47, 4, 50, 10.00, 100, 1);
INSERT INTO SHELL (ProductID, ShellMaterialID, Weight, Size, AmountAvailable, Status) VALUES (47, 4, 50, 11.00, 100, 1);
INSERT INTO SHELL (ProductID, ShellMaterialID, Weight, Size, AmountAvailable, Status) VALUES (48, 1, 50, 9.00, 100, 1);
INSERT INTO SHELL (ProductID, ShellMaterialID, Weight, Size, AmountAvailable, Status) VALUES (48, 1, 50, 10.00, 100, 1);
INSERT INTO SHELL (ProductID, ShellMaterialID, Weight, Size, AmountAvailable, Status) VALUES (48, 1, 50, 11.00, 100, 1);
INSERT INTO SHELL (ProductID, ShellMaterialID, Weight, Size, AmountAvailable, Status) VALUES (48, 2, 50, 9.00, 100, 1);
INSERT INTO SHELL (ProductID, ShellMaterialID, Weight, Size, AmountAvailable, Status) VALUES (48, 2, 50, 10.00, 100, 1);
INSERT INTO SHELL (ProductID, ShellMaterialID, Weight, Size, AmountAvailable, Status) VALUES (48, 2, 50, 11.00, 100, 1);
INSERT INTO SHELL (ProductID, ShellMaterialID, Weight, Size, AmountAvailable, Status) VALUES (48, 3, 50, 9.00, 100, 1);
INSERT INTO SHELL (ProductID, ShellMaterialID, Weight, Size, AmountAvailable, Status) VALUES (48, 3, 50, 10.00, 100, 1);
INSERT INTO SHELL (ProductID, ShellMaterialID, Weight, Size, AmountAvailable, Status) VALUES (48, 3, 50, 11.00, 100, 1);
INSERT INTO SHELL (ProductID, ShellMaterialID, Weight, Size, AmountAvailable, Status) VALUES (48, 4, 50, 9.00, 100, 1);
INSERT INTO SHELL (ProductID, ShellMaterialID, Weight, Size, AmountAvailable, Status) VALUES (48, 4, 50, 10.00, 100, 1);
INSERT INTO SHELL (ProductID, ShellMaterialID, Weight, Size, AmountAvailable, Status) VALUES (48, 4, 50, 11.00, 100, 1);


		INSERT INTO ORDERDETAIL (OrderID, LineTotal, ProductID, ShellId, Status)
		VALUES
		(1, 1000.00, 1, 1, 1),
		(2, 1500.00, 2, 2, 1),
		(3, 1500.00, 3, 3, 1),
		(4, 750.00, 4, 4, 1),
		(5, 750.00, 5, 5, 1),
		(6, 1250.00, 6, 6, 1),
		(7, 1250.00, 7, 7, 1),
		(8, 1750.00, 8, 8, 1),
		(9, 1750.00, 9, 9, 1),
		(10, 2000.00, 10, 10, 1),
		(11, 2000.00, 11, 11, 1),
		(12, 2250.00, 12, 12, 1),
		(13, 2250.00, 13, 13, 1),
		(14, 1100.00, 14, 14, 1),
		(15, 1100.00, 15, 15, 1),
		(16, 1400.00, 16, 16, 1),
		(17, 1400.00, 17, 17, 1),
		(18, 950.00, 18, 18, 1),
		(19, 950.00, 19, 19, 1),
		(20, 1150.00, 20, 20, 1),
		(21, 1150.00, 21, 21, 1),
		(22, 1050.00, 22, 22, 1),
		(23, 1200.00, 24, 23, 1),
		(24, 1200.00, 25, 24, 1),
		(25, 1250.00, 26, 25, 1),
		(26, 1250.00, 27, 26, 1),
		(27, 1450.00, 28, 27, 1),
		(28, 1450.00, 29, 28, 1),
		(29, 850.00, 30, 29, 1),
		(30, 850.00, 31, 30, 1),
		(31, 1300.00, 32, 31, 1),
		(32, 1300.00, 33, 32, 1),
		(33, 900.00, 34, 33, 1),
		(34, 900.00, 35, 34, 1),
		(35, 950.00, 36, 35, 1),
		(36, 950.00, 37, 36, 1),
		(37, 1100.00, 38, 37, 1),
		(38, 1100.00, 39, 38, 1),
		(39, 1200.00, 40, 39, 1),
		(40, 1200.00, 41, 40, 1),
		(41, 950.00, 42, 41, 1),
		(42, 950.00, 43, 42, 1),
		(43, 1250.00, 44, 43, 1),
		(44, 1250.00, 45, 44, 1),
		(45, 1000.00, 46, 45, 1),
		(46, 1000.00, 47, 46, 1),
		(47, 1050.00, 48, 47, 1),
		(48, 1050.00, 1, 48, 1),
		(49, 1100.00, 2, 1, 1),
		(50, 1100.00, 3, 2, 1),
		(51, 950.00, 4, 3, 1),
		(52, 950.00, 5, 4, 1),
		(53, 1050.00, 6, 5, 1),
		(54, 1050.00, 7, 6, 1),
		(55, 1200.00, 8, 7, 1),
		(56, 1200.00, 9, 8, 1),
		(57, 1300.00, 10, 9, 1),
		(58, 1300.00, 11, 10, 1),
		(59, 1250.00, 12, 11, 1),
		(60, 1250.00, 13, 12, 1),
		(61, 1200.00, 14, 13, 1),
		(62, 1200.00, 15, 14, 1),
		(63, 1150.00, 16, 15, 1),
		(64, 1150.00, 17, 16, 1),
		(65, 1300.00, 18, 17, 1),
		(66, 1300.00, 19, 18, 1),
		(67, 1400.00, 20, 19, 1),
		(68, 1400.00, 21, 20, 1),
		(69, 1050.00, 22, 21, 1),
		(70, 1050.00, 23, 22, 1),
		(71, 1150.00, 24, 23, 1),
		(72, 1150.00, 25, 24, 1),
		(73, 1100.00, 26, 25, 1),
		(74, 1100.00, 27, 26, 1),
		(75, 1250.00, 28, 27, 1),
		(76, 1250.00, 29, 28, 1),
		(77, 1350.00, 30, 29, 1),
		(78, 1350.00, 31, 30, 1),
		(79, 1150.00, 32, 31, 1),
		(80, 1150.00, 33, 32, 1),
		(81, 1300.00, 34, 33, 1),
		(82, 1300.00, 35, 34, 1),
		(83, 1400.00, 36, 35, 1),
		(84, 1400.00, 37, 36, 1),
		(85, 1500.00, 38, 37, 1),
		(86, 1500.00, 39, 38, 1),
		(87, 1150.00, 40, 39, 1),
		(88, 1150.00, 41, 40, 1),
		(89, 1350.00, 42, 41, 1),
		(90, 1350.00, 43, 42, 1),
		(91, 1500.00, 44, 43, 1),
		(92, 1500.00, 45, 44, 1),
		(93, 1200.00, 46, 45, 1),
		(94, 1200.00, 47, 46, 1);
		INSERT INTO DIAMOND (MainDiamondAtrributeID, CertificateScan, OrderDetailID, Price, Status)
		VALUES
		(1, 'https://pixeldrain.com/api/file/sYzrL2ia', NULL, 3000, 1),
		(2, 'https://pixeldrain.com/api/file/SZYTpqZB', NULL, 3000, 1),
		(1, 'https://pixeldrain.com/api/file/txMr8x18', NULL, 3000, 1),
		(3, 'https://pixeldrain.com/api/file/1aJM9jFf', NULL, 3000, 1),
		(4, 'https://pixeldrain.com/api/file/qu974dRz', NULL, 3000, 1),
		(5, 'https://pixeldrain.com/api/file/8hyKMy72', NULL, 3000, 1),
		(6, 'https://pixeldrain.com/api/file/USsQ69jU', NULL, 3000, 1),
		(7, 'https://pixeldrain.com/api/file/2QHobwsL', NULL, 3000, 1),
		(8, 'https://pixeldrain.com/api/file/gFyKu29j', NULL, 3000, 1),
		(7, 'https://pixeldrain.com/api/file/Z9taV9rq', NULL, 3000, 1),
		(9, 'https://pixeldrain.com/api/file/JR1zGk5C', NULL, 3000, 1),
		(10, 'https://pixeldrain.com/api/file/zKsArHbx', NULL, 3000, 1),
		(8, 'https://pixeldrain.com/api/file/LYZUdNRX', NULL, 3000, 1),
		(8, 'https://pixeldrain.com/api/file/RiQ3TB6e', NULL, 3000, 1),
		(11, 'https://pixeldrain.com/api/file/3urPv6fQ', NULL, 3000, 1),
		(12, 'https://pixeldrain.com/api/file/wPPm1kHK', NULL, 4000, 1),
		(13, 'https://pixeldrain.com/api/file/io8FtXtg', NULL, 4000, 1),
		(14, 'https://pixeldrain.com/api/file/yVR8EGeb', NULL, 4000, 1),
		(15, 'https://pixeldrain.com/api/file/QingUtqE', NULL, 4000, 1),
		(16, 'https://pixeldrain.com/api/file/6g8VpobV', NULL, 4000, 1),
		(17, 'https://pixeldrain.com/api/file/Y1UZVr9j', NULL, 4000, 1),
		(18, 'https://pixeldrain.com/api/file/YoZ3r6Xc', NULL, 4000, 1),
		(19, 'https://pixeldrain.com/api/file/g9Vb3kxv', NULL, 4000, 1),
		(20, 'https://pixeldrain.com/api/file/xGwvhxVw', NULL, 4000, 1),
		(21, 'https://pixeldrain.com/api/file/DUPFGSfZ', NULL, 4000, 1),
		(19, 'https://pixeldrain.com/api/file/QSfJsLaR', NULL, 4000, 1),
		(22, 'https://pixeldrain.com/api/file/RyhUf3CN', NULL, 4000, 1),
		(23, 'https://pixeldrain.com/api/file/SgaKh3Ax', NULL, 4000, 1),
		(24, 'https://pixeldrain.com/api/file/vjf2yiaD', NULL, 4000, 1),
		(25, 'https://pixeldrain.com/api/file/K6hXeyWQ', NULL, 4000, 1),
		(26, 'https://pixeldrain.com/api/file/u5fb4Zki', NULL, 4000, 1),
		(27, 'https://pixeldrain.com/api/file/1zNtCEM4', NULL, 4000, 1),
		(28, 'https://pixeldrain.com/api/file/aV7zZumy', NULL, 4000, 1),
		(29, 'https://pixeldrain.com/api/file/W9NbNnaz', NULL, 2750, 1),
		(30, 'https://pixeldrain.com/api/file/mCH7mgLS', NULL, 2750, 1),
		(31, 'https://pixeldrain.com/api/file/EXZDnFJi', NULL, 2750, 1),
		(32, 'https://pixeldrain.com/api/file/nA9HD8pp', NULL, 2750, 1),
		(33, 'https://pixeldrain.com/api/file/7uyUsXJK', NULL, 2750, 1),
		(34, 'https://pixeldrain.com/api/file/FehXYrWF', NULL, 2750, 1),
		(35, 'https://pixeldrain.com/api/file/7e5Smeht', NULL, 2750, 1),
		(36, 'https://pixeldrain.com/api/file/vCBXTXJC', NULL, 2750, 1),
		(37, 'https://pixeldrain.com/api/file/97WpN1z6', NULL, 2750, 1),
		(38, 'https://pixeldrain.com/api/file/vBpQBpZ4', NULL, 2750, 1),
		(39, 'https://pixeldrain.com/api/file/tNNLzPsN', NULL, 2750, 1),
		(40, 'https://pixeldrain.com/api/file/LrqR3Jzn', NULL, 2750, 1),
		(41, 'https://pixeldrain.com/api/file/cuiDbuyx', NULL, 2750, 1),
		(42, 'https://pixeldrain.com/api/file/XxqBi2As', NULL, 2750, 1),
		(43, 'https://pixeldrain.com/api/file/1xKyjBtj', NULL, 2750, 1),
		(44, 'https://pixeldrain.com/api/file/aW36eph4', NULL, 1740, 1),
		(45, 'https://pixeldrain.com/api/file/8CUL4Jrb', NULL, 1740, 1),
		(46, 'https://pixeldrain.com/api/file/NYVFaFJT', NULL, 1740, 1),
		(47, 'https://pixeldrain.com/api/file/FymxpxHw', NULL, 1740, 1),
		(48, 'https://pixeldrain.com/u/Cert53', 1, 1740,0),
	(49, 'https://pixeldrain.com/u/Cert54', 2, 1740, 0),
	(50, 'https://pixeldrain.com/u/Cert55', 3, 1740, 0),
	(51, 'https://pixeldrain.com/u/Cert56', 4, 1740, 0),
	(52, 'https://pixeldrain.com/u/Cert57', 5, 1740, 0),
	(53, 'https://pixeldrain.com/u/Cert58', 6, 1740, 0),
	(54, 'https://pixeldrain.com/u/Cert59', 7, 1740, 0),
	(55, 'https://pixeldrain.com/u/Cert60', 8, 1740, 0),
	(56, 'https://pixeldrain.com/u/Cert61', 9, 1740, 0),
	(57, 'https://pixeldrain.com/u/Cert62', 10, 1740, 0),
	(58, 'https://pixeldrain.com/u/Cert63', 11, 1740, 0),
	(59, 'https://pixeldrain.com/u/Cert64', 12, 1740, 0),
	(60, 'https://pixeldrain.com/u/Cert65', 13, 1740, 0),
	(61, 'https://pixeldrain.com/u/Cert66', 14, 1740, 0),
	(62, 'https://pixeldrain.com/u/Cert67', 15, 1740, 0),
	(63, 'https://pixeldrain.com/u/Cert68', 16, 1740, 0),
	(64, 'https://pixeldrain.com/u/Cert69', 17, 1740, 0),
	(65, 'https://pixeldrain.com/u/Cert70', 18, 1740, 0),
	(66, 'https://pixeldrain.com/u/Cert71', 19, 1740, 0),
	(67, 'https://pixeldrain.com/u/Cert72', 20, 1740, 0),
	(68, 'https://pixeldrain.com/u/Cert73', 21, 1740, 0),
	(69, 'https://pixeldrain.com/u/Cert74', 22, 1740, 0),
	(70, 'https://pixeldrain.com/u/Cert75', 23, 1740, 0),
	(71, 'https://pixeldrain.com/u/Cert76', 24, 1740, 0),
	(72, 'https://pixeldrain.com/u/Cert77', 25, 1740, 0),
	(73, 'https://pixeldrain.com/u/Cert78', 26, 1740, 0),
	(74, 'https://pixeldrain.com/u/Cert79', 27, 1740, 0),
	(75, 'https://pixeldrain.com/u/Cert80', 28, 1740, 0),
	(76, 'https://pixeldrain.com/u/Cert81', 29, 1740, 0),
	(77, 'https://pixeldrain.com/u/Cert82', 30, 1740, 0),
	(78, 'https://pixeldrain.com/u/Cert83', 31, 1740, 0),
	(79, 'https://pixeldrain.com/u/Cert84', 32, 1740, 0),
	(80, 'https://pixeldrain.com/u/Cert85', 33, 1740, 0),
	(81, 'https://pixeldrain.com/u/Cert86', 34, 1740, 0),
	(82, 'https://pixeldrain.com/u/Cert87', 35, 1740, 0),
	(83, 'https://pixeldrain.com/u/Cert88', 36, 1740, 0),
	(84, 'https://pixeldrain.com/u/Cert89', 37, 1740, 0),
	(85, 'https://pixeldrain.com/u/Cert90', 38, 1740, 0),
	(86, 'https://pixeldrain.com/u/Cert91', 39, 1740, 0),
	(87, 'https://pixeldrain.com/u/Cert92', 40, 1740, 0),
	(88, 'https://pixeldrain.com/u/Cert93', 41, 1740, 0),
	(89, 'https://pixeldrain.com/u/Cert94', 42, 1740, 0),
	(1, 'https://pixeldrain.com/u/Cert95', 43, 3000, 0),
	(1, 'https://pixeldrain.com/u/Cert96', 44, 3000, 0),
	(2, 'https://pixeldrain.com/u/Cert97', 45, 3000, 0),
	(4, 'https://pixeldrain.com/u/Cert98', 46, 3000, 0),
	(2, 'https://pixeldrain.com/u/Cert99', 47, 3000, 0),
	(1, 'https://pixeldrain.com/u/Cert100', 48, 3000,0),
	(1, 'https://pixeldrain.com/u/Cert101', 49, 3000,0),
	(1, 'https://pixeldrain.com/u/Cert102', 50, 3000, 0),
	(1, 'https://pixeldrain.com/u/Cert103', 51, 3000, 0),
	(1, 'https://pixeldrain.com/u/Cert104', 52, 3000, 0),
	(2, 'https://pixeldrain.com/u/Cert105', 53, 3000, 0),
	(2, 'https://pixeldrain.com/u/Cert106', 54, 3000, 0),
	(2, 'https://pixeldrain.com/u/Cert107', 55, 3000, 0),
	(2, 'https://pixeldrain.com/u/Cert108', 56, 3000, 0),
	(2, 'https://pixeldrain.com/u/Cert109', 57, 3000, 0),
	(2, 'https://pixeldrain.com/u/Cert110', 58, 3000, 0),
	(2, 'https://pixeldrain.com/u/Cert111', 59, 3000, 0),
	(2, 'https://pixeldrain.com/u/Cert112', 60, 3000, 0),
	(42, 'https://pixeldrain.com/u/Cert113', 61, 3000,0),
	(42, 'https://pixeldrain.com/u/Cert114', 62, 3000,0),
	(3, 'https://pixeldrain.com/u/Cert115', 63, 3000, 0),
	(3, 'https://pixeldrain.com/u/Cert116', 64, 3000, 0),
	(3, 'https://pixeldrain.com/u/Cert117', 65, 3000, 0),
	(3, 'https://pixeldrain.com/u/Cert118', 66, 3000, 0),
	(3, 'https://pixeldrain.com/u/Cert119', 67, 3000, 0),
	(3, 'https://pixeldrain.com/u/Cert120', 68, 3000, 0),
	(3, 'https://pixeldrain.com/u/Cert121', 69, 3000, 0),
	(3, 'https://pixeldrain.com/u/Cert122', 70, 3000, 0),
	(3, 'https://pixeldrain.com/u/Cert123', 71, 3000, 0),
	(3, 'https://pixeldrain.com/u/Cert124', 72, 3000, 0),
	(4, 'https://pixeldrain.com/u/Cert125', 73, 3000, 0),
	(4, 'https://pixeldrain.com/u/Cert126', 74, 3000, 0),
	(4, 'https://pixeldrain.com/u/Cert127', 75, 3000, 0),
	(4, 'https://pixeldrain.com/u/Cert128', 76, 3000, 0),
	(4, 'https://pixeldrain.com/u/Cert129', 77, 3000, 0),
	(4, 'https://pixeldrain.com/u/Cert130', 78, 3000, 0),
	(4, 'https://pixeldrain.com/u/Cert131', 79, 3000, 0),
	(4, 'https://pixeldrain.com/u/Cert132', 80, 3000, 0),
	(4, 'https://pixeldrain.com/u/Cert133', 81, 3000, 0),
	(4, 'https://pixeldrain.com/u/Cert134', 82, 3000,0),
	(5, 'https://pixeldrain.com/u/Cert135', 83, 3000, 0),
	(5, 'https://pixeldrain.com/u/Cert136', 84, 3000,0 ),
	(26, 'https://pixeldrain.com/u/Cert137', 85, 3000, 0),
	(26, 'https://pixeldrain.com/u/Cert138', 86, 3000, 0),
	(26, 'https://pixeldrain.com/u/Cert139', 87, 3000, 0),
	(5, 'https://pixeldrain.com/u/Cert140', 88, 3000, 0),
	(5, 'https://pixeldrain.com/u/Cert141', 89, 3000, 0),
	(5, 'https://pixeldrain.com/u/Cert142', 90, 3000, 0),
	(5, 'https://pixeldrain.com/u/Cert143', 91, 3000, 0),
	(5, 'https://pixeldrain.com/u/Cert144', 92, 3000, 0),
	(6, 'https://pixeldrain.com/u/Cert145', 93, 3000, 0),
	(6, 'https://pixeldrain.com/u/Cert145', 94, 3000, 0),
		(20, 'https://pixeldrain.com/u/Cert53', NULL, 1740, 1),
		(49, 'https://pixeldrain.com/u/Cert54', NULL, 1740, 1),
		(50, 'https://pixeldrain.com/u/Cert55', NULL, 1740, 1),
		(51, 'https://pixeldrain.com/u/Cert56', NULL, 1740, 1),
		(52, 'https://pixeldrain.com/u/Cert57', NULL, 1740, 1),
		(53, 'https://pixeldrain.com/u/Cert58', NULL, 1740, 1),
		(54, 'https://pixeldrain.com/u/Cert59', NULL, 1740, 1),
		(55, 'https://pixeldrain.com/u/Cert60', NULL, 1740, 1),
		(56, 'https://pixeldrain.com/u/Cert61', NULL, 1740, 1),
		(57, 'https://pixeldrain.com/u/Cert62', NULL, 1740, 1),
		(58, 'https://pixeldrain.com/u/Cert63', NULL, 1740, 1),
		(59, 'https://pixeldrain.com/u/Cert64', NULL, 1740, 1),
		(60, 'https://pixeldrain.com/u/Cert65', NULL, 1740, 1),
		(61, 'https://pixeldrain.com/u/Cert66', NULL, 1740, 1),
		(62, 'https://pixeldrain.com/u/Cert67', NULL, 1740, 1),
		(63, 'https://pixeldrain.com/u/Cert68', NULL, 1740, 1),
		(64, 'https://pixeldrain.com/u/Cert69', NULL, 1740, 1),
		(65, 'https://pixeldrain.com/u/Cert70', NULL, 1740, 1),
		(66, 'https://pixeldrain.com/u/Cert71', NULL, 1740, 1),
		(67, 'https://pixeldrain.com/u/Cert72', NULL, 1740, 1),
		(68, 'https://pixeldrain.com/u/Cert73', NULL, 1740, 1),
		(69, 'https://pixeldrain.com/u/Cert74', NULL, 1740, 1),
		(70, 'https://pixeldrain.com/u/Cert75', NULL, 1740, 1),
		(71, 'https://pixeldrain.com/u/Cert76', NULL, 1740, 1),
		(72, 'https://pixeldrain.com/u/Cert77', NULL, 1740, 1),
		(73, 'https://pixeldrain.com/u/Cert78', NULL, 1740, 1),
		(74, 'https://pixeldrain.com/u/Cert79', NULL, 1740, 1),
		(75, 'https://pixeldrain.com/u/Cert80', NULL, 1740, 1),
		(76, 'https://pixeldrain.com/u/Cert81', NULL, 1740, 1),
		(77, 'https://pixeldrain.com/u/Cert82', NULL, 1740, 1),
		(78, 'https://pixeldrain.com/u/Cert83', NULL, 1740, 1),
		(79, 'https://pixeldrain.com/u/Cert84', NULL, 1740, 1),
		(80, 'https://pixeldrain.com/u/Cert85', NULL, 1740, 1),
		(81, 'https://pixeldrain.com/u/Cert86', NULL, 1740, 1),
		(82, 'https://pixeldrain.com/u/Cert87', NULL, 1740, 1),
		(83, 'https://pixeldrain.com/u/Cert88', NULL, 1740, 1),
		(84, 'https://pixeldrain.com/u/Cert89', NULL, 1740, 1),
		(85, 'https://pixeldrain.com/u/Cert90', NULL, 1740, 1),
		(86, 'https://pixeldrain.com/u/Cert91', NULL, 1740, 1),
		(87, 'https://pixeldrain.com/u/Cert92', NULL, 1740, 1),
		(88, 'https://pixeldrain.com/u/Cert93', NULL, 1740, 1),
		(89, 'https://pixeldrain.com/u/Cert94', NULL, 1740, 1),
		 (1, 'https://pixeldrain.com/u/Cert95', NULL, 3000, 1),
    	(1, 'https://pixeldrain.com/u/Cert96', NULL, 3000, 1),
    (1, 'https://pixeldrain.com/u/Cert97', NULL, 3000, 1),
    (1, 'https://pixeldrain.com/u/Cert98', NULL, 3000, 1),
    (1, 'https://pixeldrain.com/u/Cert99', NULL, 3000, 1),
    (1, 'https://pixeldrain.com/u/Cert100', NULL, 3000, 1),
    (1, 'https://pixeldrain.com/u/Cert101', NULL, 3000, 1),
    (1, 'https://pixeldrain.com/u/Cert102', NULL, 3000, 1),
    (1, 'https://pixeldrain.com/u/Cert103', NULL, 3000, 1),
    (1, 'https://pixeldrain.com/u/Cert104', NULL, 3000, 1),
    (2, 'https://pixeldrain.com/u/Cert105', NULL, 3000, 1),
    (2, 'https://pixeldrain.com/u/Cert106', NULL, 3000, 1),
    (2, 'https://pixeldrain.com/u/Cert107', NULL, 3000, 1),
    (2, 'https://pixeldrain.com/u/Cert108', NULL, 3000, 1),
    (2, 'https://pixeldrain.com/u/Cert109', NULL, 3000, 1),
    (2, 'https://pixeldrain.com/u/Cert110', NULL, 3000, 1),
    (2, 'https://pixeldrain.com/u/Cert111', NULL, 3000, 1),
    (2, 'https://pixeldrain.com/u/Cert112', NULL, 3000, 1),
    (2, 'https://pixeldrain.com/u/Cert113', NULL, 3000, 1),
    (2, 'https://pixeldrain.com/u/Cert114', NULL, 3000, 1),
    (3, 'https://pixeldrain.com/u/Cert115', NULL, 3000, 1),
    (37, 'https://pixeldrain.com/u/Cert116', NULL, 3000, 1),
    (37, 'https://pixeldrain.com/u/Cert117', NULL, 3000, 1),
    (37, 'https://pixeldrain.com/u/Cert118', NULL, 3000, 1),
    (3, 'https://pixeldrain.com/u/Cert119', NULL, 3000, 1),
    (3, 'https://pixeldrain.com/u/Cert120', NULL, 3000, 1),
    (3, 'https://pixeldrain.com/u/Cert121', NULL, 3000, 1),
    (3, 'https://pixeldrain.com/u/Cert122', NULL, 3000, 1),
    (3, 'https://pixeldrain.com/u/Cert123', NULL, 3000, 1),
    (3, 'https://pixeldrain.com/u/Cert124', NULL, 3000, 1),
    (4, 'https://pixeldrain.com/u/Cert125', NULL, 3000, 1),
    (4, 'https://pixeldrain.com/u/Cert126', NULL, 3000, 1),
    (4, 'https://pixeldrain.com/u/Cert127', NULL, 3000, 1),
    (4, 'https://pixeldrain.com/u/Cert128', NULL, 3000, 1),
    (4, 'https://pixeldrain.com/u/Cert129', NULL, 3000, 1),
    (4, 'https://pixeldrain.com/u/Cert130', NULL, 3000, 1),
    (4, 'https://pixeldrain.com/u/Cert131', NULL, 3000, 1),
    (4, 'https://pixeldrain.com/u/Cert132', NULL, 3000, 1),
    (4, 'https://pixeldrain.com/u/Cert133', NULL, 3000, 1),
    (4, 'https://pixeldrain.com/u/Cert134', NULL, 3000, 1),
    (5, 'https://pixeldrain.com/u/Cert135', NULL, 3000, 1),
    (5, 'https://pixeldrain.com/u/Cert136', NULL, 3000, 1),
    (5, 'https://pixeldrain.com/u/Cert137', NULL, 3000, 1),
    (5, 'https://pixeldrain.com/u/Cert138', NULL, 3000, 1),
    (5, 'https://pixeldrain.com/u/Cert139', NULL, 3000, 1),
    (5, 'https://pixeldrain.com/u/Cert140', NULL, 3000, 1),
    (5, 'https://pixeldrain.com/u/Cert141', NULL, 3000, 1),
    (5, 'https://pixeldrain.com/u/Cert142', NULL, 3000, 1),
    (5, 'https://pixeldrain.com/u/Cert143', NULL, 3000, 1),
    (5, 'https://pixeldrain.com/u/Cert144', NULL, 3000, 1),
    (6, 'https://pixeldrain.com/u/Cert145', NULL, 3000, 1),
    (6, 'https://pixeldrain.com/u/Cert146', NULL, 3000, 1),
    (6, 'https://pixeldrain.com/u/Cert147', NULL, 3000, 1),
    (6, 'https://pixeldrain.com/u/Cert148', NULL, 3000, 1),
    (6, 'https://pixeldrain.com/u/Cert149', NULL, 3000, 1),
    (6, 'https://pixeldrain.com/u/Cert150', NULL, 3000, 1),
    (6, 'https://pixeldrain.com/u/Cert151', NULL, 3000, 1),
    (6, 'https://pixeldrain.com/u/Cert152', NULL, 3000, 1),
    (6, 'https://pixeldrain.com/u/Cert153', NULL, 3000, 1),
    (6, 'https://pixeldrain.com/u/Cert154', NULL, 3000, 1),
    (7, 'https://pixeldrain.com/u/Cert155', NULL, 3000, 1),
    (7, 'https://pixeldrain.com/u/Cert156', NULL, 3000, 1),
    (7, 'https://pixeldrain.com/u/Cert157', NULL, 3000, 1),
    (7, 'https://pixeldrain.com/u/Cert158', NULL, 3000, 1),
    (7, 'https://pixeldrain.com/u/Cert159', NULL, 3000, 1),
    (7, 'https://pixeldrain.com/u/Cert160', NULL, 3000, 1),
    (7, 'https://pixeldrain.com/u/Cert161', NULL, 3000, 1),
    (7, 'https://pixeldrain.com/u/Cert162', NULL, 3000, 1),
    (7, 'https://pixeldrain.com/u/Cert163', NULL, 3000, 1),
    (7, 'https://pixeldrain.com/u/Cert164', NULL, 3000, 1),
    (8, 'https://pixeldrain.com/u/Cert165', NULL, 3000, 1),
    (8, 'https://pixeldrain.com/u/Cert166', NULL, 3000, 1),
    (8, 'https://pixeldrain.com/u/Cert167', NULL, 3000, 1),
    (8, 'https://pixeldrain.com/u/Cert168', NULL, 3000, 1),
    (8, 'https://pixeldrain.com/u/Cert169', NULL, 3000, 1),
    (8, 'https://pixeldrain.com/u/Cert170', NULL, 3000, 1),
    (8, 'https://pixeldrain.com/u/Cert171', NULL, 3000, 1),
    (8, 'https://pixeldrain.com/u/Cert172', NULL, 3000, 1),
    (8, 'https://pixeldrain.com/u/Cert173', NULL, 3000, 1),
    (8, 'https://pixeldrain.com/u/Cert174', NULL, 3000, 1),
    (9, 'https://pixeldrain.com/u/Cert175', NULL, 3000, 1),
    (9, 'https://pixeldrain.com/u/Cert176', NULL, 3000, 1),
    (9, 'https://pixeldrain.com/u/Cert177', NULL, 3000, 1),
    (9, 'https://pixeldrain.com/u/Cert178', NULL, 3000, 1),
    (9, 'https://pixeldrain.com/u/Cert179', NULL, 3000, 1),
    (9, 'https://pixeldrain.com/u/Cert180', NULL, 3000, 1),
    (9, 'https://pixeldrain.com/u/Cert181', NULL, 3000, 1),
    (9, 'https://pixeldrain.com/u/Cert182', NULL, 3000, 1),
    (9, 'https://pixeldrain.com/u/Cert183', NULL, 3000, 1),
    (9, 'https://pixeldrain.com/u/Cert184', NULL, 3000, 1),
    (10, 'https://pixeldrain.com/u/Cert185', NULL, 3000, 1),
    (10, 'https://pixeldrain.com/u/Cert186', NULL, 3000, 1),
    (10, 'https://pixeldrain.com/u/Cert187', NULL, 3000, 1),
    (10, 'https://pixeldrain.com/u/Cert188', NULL, 3000, 1),
    (10, 'https://pixeldrain.com/u/Cert189', NULL, 3000, 1),
    (10, 'https://pixeldrain.com/u/Cert190', NULL, 3000, 1),
    (10, 'https://pixeldrain.com/u/Cert191', NULL, 3000, 1),
    (10, 'https://pixeldrain.com/u/Cert192', NULL, 3000, 1),
    (10, 'https://pixeldrain.com/u/Cert193', NULL, 3000, 1),
    (10, 'https://pixeldrain.com/u/Cert194', NULL, 3000, 1),
    (11, 'https://pixeldrain.com/u/Cert195', NULL, 3000, 1),
    (11, 'https://pixeldrain.com/u/Cert196', NULL, 3000, 1),
    (11, 'https://pixeldrain.com/u/Cert197', NULL, 3000, 1),
    (11, 'https://pixeldrain.com/u/Cert198', NULL, 3000, 1),
    (11, 'https://pixeldrain.com/u/Cert199', NULL, 3000, 1),
    (11, 'https://pixeldrain.com/u/Cert200', NULL, 3000, 1),
    (11, 'https://pixeldrain.com/u/Cert201', NULL, 3000, 1),
    (11, 'https://pixeldrain.com/u/Cert202', NULL, 3000, 1),
    (11, 'https://pixeldrain.com/u/Cert203', NULL, 3000, 1),
    (11, 'https://pixeldrain.com/u/Cert204', NULL, 3000, 1),
    (12, 'https://pixeldrain.com/u/Cert205', NULL, 4000, 1),
    (12, 'https://pixeldrain.com/u/Cert206', NULL, 4000, 1),
    (12, 'https://pixeldrain.com/u/Cert207', NULL, 4000, 1),
    (12, 'https://pixeldrain.com/u/Cert208', NULL, 4000, 1),
    (12, 'https://pixeldrain.com/u/Cert209', NULL, 4000, 1),
    (12, 'https://pixeldrain.com/u/Cert210', NULL, 4000, 1),
    (12, 'https://pixeldrain.com/u/Cert211', NULL, 4000, 1),
    (12, 'https://pixeldrain.com/u/Cert212', NULL, 4000, 1),
    (12, 'https://pixeldrain.com/u/Cert213', NULL, 4000, 1),
    (12, 'https://pixeldrain.com/u/Cert214', NULL, 4000, 1),
    (13, 'https://pixeldrain.com/u/Cert215', NULL, 4000, 1),
    (13, 'https://pixeldrain.com/u/Cert216', NULL, 4000, 1),
    (13, 'https://pixeldrain.com/u/Cert217', NULL, 4000, 1),
    (13, 'https://pixeldrain.com/u/Cert218', NULL, 4000, 1),
    (13, 'https://pixeldrain.com/u/Cert219', NULL, 4000, 1),
    (13, 'https://pixeldrain.com/u/Cert220', NULL, 4000, 1),
    (13, 'https://pixeldrain.com/u/Cert221', NULL, 4000, 1),
    (13, 'https://pixeldrain.com/u/Cert222', NULL, 4000, 1),
    (13, 'https://pixeldrain.com/u/Cert223', NULL, 4000, 1),
    (13, 'https://pixeldrain.com/u/Cert224', NULL, 4000, 1),
    (14, 'https://pixeldrain.com/u/Cert225', NULL, 4000, 1),
    (14, 'https://pixeldrain.com/u/Cert226', NULL, 4000, 1),
    (14, 'https://pixeldrain.com/u/Cert227', NULL, 4000, 1),
    (14, 'https://pixeldrain.com/u/Cert228', NULL, 4000, 1),
    (14, 'https://pixeldrain.com/u/Cert229', NULL, 4000, 1),
    (14, 'https://pixeldrain.com/u/Cert230', NULL, 4000, 1),
    (14, 'https://pixeldrain.com/u/Cert231', NULL, 4000, 1),
    (14, 'https://pixeldrain.com/u/Cert232', NULL, 4000, 1),
    (14, 'https://pixeldrain.com/u/Cert233', NULL, 4000, 1),
    (14, 'https://pixeldrain.com/u/Cert234', NULL, 4000, 1),
    (15, 'https://pixeldrain.com/u/Cert235', NULL, 4000, 1),
    (15, 'https://pixeldrain.com/u/Cert236', NULL, 4000, 1),
    (15, 'https://pixeldrain.com/u/Cert237', NULL, 4000, 1),
    (15, 'https://pixeldrain.com/u/Cert238', NULL, 4000, 1),
    (15, 'https://pixeldrain.com/u/Cert239', NULL, 4000, 1),
    (15, 'https://pixeldrain.com/u/Cert240', NULL, 4000, 1),
    (15, 'https://pixeldrain.com/u/Cert241', NULL, 4000, 1),
    (15, 'https://pixeldrain.com/u/Cert242', NULL, 4000, 1),
    (15, 'https://pixeldrain.com/u/Cert243', NULL, 4000, 1),
    (15, 'https://pixeldrain.com/u/Cert244', NULL, 4000, 1);
			INSERT INTO WARRANTY (OrderDetailID, StartDate, EndDate, Status) VALUES
			(1, GETDATE(), DATEADD(year, 1, GETDATE()), 'Active'),
			(2, GETDATE(), DATEADD(year, 1, GETDATE()), 'Active'),
			(3, GETDATE(), DATEADD(year, 1, GETDATE()), 'Active'),
			(4, GETDATE(), DATEADD(year, 1, GETDATE()), 'Active'),
			(5, GETDATE(), DATEADD(year, 1, GETDATE()), 'Active'),
			(6, GETDATE(), DATEADD(year, 1, GETDATE()), 'Active'),
			(7, GETDATE(), DATEADD(year, 1, GETDATE()), 'Active');
		

			INSERT INTO COMPANY(CompanyID, CompanyName, Email, Address, PhoneNumber, MarkupPrice) VALUES
			(1, 'DIAN Jewelry', 'diamondianjewelry@gmail.com', 'San Francisco, CA', '415-354-4623', 0.2)
			

		INSERT INTO NOTIFICATION (RecipientRole, RecipientID, Message, IsDelivered, CreatedAt, MarkRead)
		VALUES 
		('Customer', 1, 'Your order #1001 has been shipped.', 1, GETDATE(), 0),
		('Customer', 1, 'Your order #1002 has been delivered.', 1, GETDATE(), 0),
		('Customer', 2, 'Your order #1003 is out for delivery.', 1, GETDATE(), 0),
		('Customer', 2, 'Thank you for your purchase! Your order #1004 has been confirmed.', 1, GETDATE(), 0);

		INSERT INTO NOTIFICATION (RecipientRole, RecipientID, Message, IsDelivered, CreatedAt, MarkRead)
		VALUES 
		('DeliveryStaff', 4, 'You have a new delivery task for order #1001.', 1, GETDATE(), 0),
		('DeliveryStaff', 4, 'Order #1002 is ready for pickup.', 1, GETDATE(), 0),
		('DeliveryStaff', 8, 'Order #1003 requires your attention.', 1, GETDATE(), 0),
		('DeliveryStaff', 8, 'Order #1004 has been assigned to you for delivery.', 1, GETDATE(), 0);
